insert into account (account_id, email, lastpasswordresetdate, password, status) values (1, 'gpolland0@cnbc.com', '2016-12-08 14:43:51', '$2a$10$fRRUkTQN7QTG7nMQrOJBNuddDFECvn4T0k.lWv9bnIIdN7VcLt1Ym', 'ACTIVE');
insert into account (account_id, email, lastpasswordresetdate, password, status) values (2, 'sgofforth1@tmall.com', '2017-07-10 18:55:14', '$2a$10$SVNLqLdsaKIPFg1OYM3/9ex7zYAOZULPpNtR7AM4akaUQQfEW.7pq', 'ACTIVE');
insert into account (account_id, email, lastpasswordresetdate, password, status) values (3, 'kewins2@gizmodo.com', '2017-01-28 08:45:45', '$2a$10$wb9JrCtvhI/CyLhDmOYyLu182d8s2bAoLYmcblhdV7ZsphpZ19oz6', 'ACTIVE');
insert into account (account_id, email, lastpasswordresetdate, password, status) values (4, 'wlouys3@sitemeter.com', '2017-01-18 07:42:18', '$2a$10$yLIfni8wmtIYn6NQ6Zg2Nu6k9mH1X4zMoBPhrOOrbZ2h6VyxnX6SW', 'ACTIVE');
insert into account (account_id, email, lastpasswordresetdate, password, status) values (5, 'ndadson4@mapy.cz', '2017-01-22 00:07:34', '$2a$10$ThqD3LYG6twdzOop/GoY0uKwM1ppKsTYAT.mw5wqhFvDywrT6Sm6G', 'ACTIVE');
insert into account (account_id, email, lastpasswordresetdate, password, status) values (6, 'dmunnings5@home.pl', '2016-08-31 07:50:14', '$2a$10$HIssSGEjkun5pQ44JJ9gsejIFWnSWwkuYq6bLnENwrgBmNBgOWmDW', 'ACTIVE');
insert into account (account_id, email, lastpasswordresetdate, password, status) values (7, 'dwalding6@ezinearticles.com', '2017-06-08 12:57:08', '$2a$10$c1ZJCn5QMMktiw.2nyy22eX44YWMMT8Fcerzpd.HV4uOru4NfzACG', 'ACTIVE');
insert into account (account_id, email, lastpasswordresetdate, password, status) values (8, 'slorkin7@eepurl.com', '2016-10-28 05:09:14', '$2a$10$rWJIqfLfpSXBpZZO4bQSMOjFkaUsMaaAEr2zJBYxFtEsemRNMyGim', 'ACTIVE');
insert into account (account_id, email, lastpasswordresetdate, password, status) values (9, 'amaxstead8@cam.ac.uk', '2017-01-16 09:12:51', '$2a$10$cgdh9DBmJwmHNUb1AJiyWOjEJ.DS7440lDIDOzPfH3ahZolE1mzum', 'ACTIVE');
insert into account (account_id, email, lastpasswordresetdate, password, status) values (10, 'ftowne9@umich.edu', '2016-09-17 20:17:56', '$2a$10$53uLDX1kBsYptHZfaN66XObFm9eo820sMorjSEvkYqzQXBT/z445a', 'ACTIVE');
insert into account (account_id, email, lastpasswordresetdate, password, status) values (11, 'hkerforda@sogou.com', '2016-11-26 01:17:25', '$2a$10$4i7.9SCqSGqCa985hHAtlON3tZi5BJgx9jyNFyjQXuy33dJA/FPPe', 'ACTIVE');
insert into account (account_id, email, lastpasswordresetdate, password, status) values (12, 'ssindleb@baidu.com', '2016-09-12 19:30:57', '$2a$10$OxCDqzDb/dTHivU1eDIMn.5vQZN45Aq6YGvRspJdDp1qj378jFJYO', 'ACTIVE');
insert into account (account_id, email, lastpasswordresetdate, password, status) values (13, 'aleedalc@i2i.jp', '2017-05-04 02:07:00', '$2a$10$gVG3Kz8CS.c9/DBEXdaKQOFq1u5xz0Lzh2gGd7N6skCd9.zLvupJW', 'ACTIVE');
insert into account (account_id, email, lastpasswordresetdate, password, status) values (14, 'ddowsd@accuweather.com', '2017-02-16 16:46:43', '$2a$10$OrSm/rtuorMYoooKx9/FL.z3QR4uCjZf5PsgsLMIX7Xf1bC9HDdgC', 'ACTIVE');
insert into account (account_id, email, lastpasswordresetdate, password, status) values (15, 'cparkine@adobe.com', '2017-02-06 04:04:24', '$2a$10$bjlmYfckO9gFf3O2Ti2emOWbqkI6Vk5mPki4yUPiER3nY0uMcyXjG', 'ACTIVE');
insert into account (account_id, email, lastpasswordresetdate, password, status) values (16, 'lguittonf@state.tx.us', '2017-01-28 20:44:29', '$2a$10$O/nD8E3BI4282O7yqud2TO3Dr4SYHWnq3MkmV/o5gkJu/8MdsgtkW', 'ACTIVE');
insert into account (account_id, email, lastpasswordresetdate, password, status) values (17, 'smelendezg@hp.com', '2016-12-11 17:14:09', '$2a$10$ksNu6EQCPhHIryJSnsIqbOJ4XNh2cvyfuPXSZmdx0Ze4L072tT8LW', 'ACTIVE');
insert into account (account_id, email, lastpasswordresetdate, password, status) values (18, 'dbraunthalh@gov.uk', '2016-09-27 07:42:50', '$2a$10$ycBO6glPtoEVrTWi.NpOq..t3zNYDqK3dr0CaYdoHpOq8yUwE/Pca', 'ACTIVE');
insert into account (account_id, email, lastpasswordresetdate, password, status) values (19, 'agooderridgei@amazon.de', '2016-11-14 16:52:04', '$2a$10$/nYIH/7JC4Xir0mR/zsbRO7YOkeFyz4eh6oNTn17oWUFSe2uM5Qt2', 'ACTIVE');
insert into account (account_id, email, lastpasswordresetdate, password, status) values (20, 'dcauserj@e-recht24.de', '2016-10-08 17:48:08', '$2a$10$VJgZ0vZ8/RuG904FtolG4Onu9iZIRdK/ZFjEMy10rn44zkAfBInRO', 'ACTIVE');
insert into account (account_id, email, lastpasswordresetdate, password, status) values (21, 'vpurshousek@pagesperso-orange.fr', '2017-01-12 22:07:53', '$2a$10$QP8jOy4gf7tgb7rLhWP4/.l.CZs3zh46BljDZSzlE9H3RRaFhs9y6', 'ACTIVE');
insert into account (account_id, email, lastpasswordresetdate, password, status) values (22, 'seckersalll@cocolog-nifty.com', '2017-01-17 09:22:00', '$2a$10$duFbWNa/BhcjtRGoT59WC.CgtbmvwDanF6vqo1aK.DoXAD2Cq2H5u', 'ACTIVE');
insert into account (account_id, email, lastpasswordresetdate, password, status) values (23, 'llimprichtm@comsenz.com', '2017-05-02 03:22:07', '$2a$10$OIWxFlt7/a43JppUVBVSmuVSFDN74j3oaFJm5uDOTOg9koo4pjdsm', 'ACTIVE');
insert into account (account_id, email, lastpasswordresetdate, password, status) values (24, 'wdundinn@elpais.com', '2016-09-10 01:05:20', '$2a$10$h6mUnm8dK1dJBqaXaegKvOaBiIi8Qk9FV85a2d5c2za3OMBxwcmlq', 'ACTIVE');
insert into account (account_id, email, lastpasswordresetdate, password, status) values (25, 'gleithgoeo@alexa.com', '2016-09-02 10:59:58', '$2a$10$CTAw3QNKhjCnAu0GHKyFVu0xf55/BZsQ/M9DAljVgAGVUy/eklkY.', 'ACTIVE');
insert into account (account_id, email, lastpasswordresetdate, password, status) values (26, 'jmacourekp@live.com', '2016-08-16 07:40:43', '$2a$10$ZTQAFkK5xc3cOoz/1zez2eVI6ex3E.uwzlaqi7P9QT3vkR4cKgaiy', 'ACTIVE');
insert into account (account_id, email, lastpasswordresetdate, password, status) values (27, 'mashelfordq@soundcloud.com', '2016-09-24 21:25:03', '$2a$10$R2V2KOQlf3SNRH15h6pU2OFIqZQzNdlUghACe4ZC68pR7IWPmbqxm', 'ACTIVE');
insert into account (account_id, email, lastpasswordresetdate, password, status) values (28, 'gcuffleyr@cdbaby.com', '2017-06-06 04:59:20', '$2a$10$S9QwpZju4D.fgzHDPvzt..b2TxFlZtVMoFNAPgc9a7WRiLe3F4Why', 'ACTIVE');
insert into account (account_id, email, lastpasswordresetdate, password, status) values (29, 'kconnars@hc360.com', '2017-08-03 21:34:39', '$2a$10$f656GGt6b4jo2Gm6I6Fyve75szlbAkasiNwAc/OG5qd2n06n25Ste', 'ACTIVE');
insert into account (account_id, email, lastpasswordresetdate, password, status) values (30, 'fdicket@google.com.br', '2016-09-21 14:21:44', '$2a$10$qv9cTRHQcQHWYVETzjxVFudPU4krUzEKUU4yTO9gBAgnRtxomjN.C', 'ACTIVE');
insert into account (account_id, email, lastpasswordresetdate, password, status) values (31, 'wgoreyu@facebook.com', '2017-03-02 02:05:37', '$2a$10$LW/K8/smhUjYjveirsQjMuZUpycAgC81PlnMVr8LaqcEIlhAxM.tO', 'ACTIVE');
insert into account (account_id, email, lastpasswordresetdate, password, status) values (32, 'macklandv@xing.com', '2017-05-23 05:18:09', '$2a$10$89xkuONOs7LQSPXQhsvk5uZ7oC8Hhw8Wsys4rINJmV8deY5EUngiu', 'ACTIVE');
insert into account (account_id, email, lastpasswordresetdate, password, status) values (33, 'gpideonw@illinois.edu', '2017-06-03 20:24:23', '$2a$10$cKcxkBnl0MF6HrcZo09zJuU/Q.VDGZGiY0ZoRd4VwXazR8ChQg7US', 'ACTIVE');
insert into account (account_id, email, lastpasswordresetdate, password, status) values (34, 'espoursx@sina.com.cn', '2016-10-02 23:04:27', '$2a$10$lzfFoyavHu8pQLeGGT2beu6fSgTnf5p8PefyHKqXraxNEhx4jAWy.', 'ACTIVE');
insert into account (account_id, email, lastpasswordresetdate, password, status) values (35, 'tickey@slate.com', '2017-02-12 11:38:21', '$2a$10$zRo1Z.Vt2f.wSzZ.hyYhrOL9OMTDPkMkAf3F3tES2BM06mUo.6e1K', 'ACTIVE');
insert into account (account_id, email, lastpasswordresetdate, password, status) values (36, 'dhammanz@g.co', '2017-03-07 22:40:42', '$2a$10$4tQQup4Btd6mDtQqlv.PqeoicDLAvxaQdAkyAD0bdKr1Sj0td.OFy', 'ACTIVE');
insert into account (account_id, email, lastpasswordresetdate, password, status) values (37, 'fmorland10@paypal.com', '2016-09-23 00:32:22', '$2a$10$MsIPBAYmF7C2DZsgr4N/0.NZoMLBbJXDnQ.VUrimBfKlBD1uICyw.', 'ACTIVE');
insert into account (account_id, email, lastpasswordresetdate, password, status) values (38, 'lwoofenden11@spiegel.de', '2016-10-30 15:35:03', '$2a$10$vjJR7PwQBY9Eqqk7shL.muZXuqWZXJSOqTk771KYTaQDoO6TAG6Tu', 'ACTIVE');
insert into account (account_id, email, lastpasswordresetdate, password, status) values (39, 'llob12@sina.com.cn', '2017-02-13 22:33:20', '$2a$10$qh7GEPfwRzqLLlzZyYVBQOj/XOXsWOcICGqidna9UjV60VJRZ2ROe', 'ACTIVE');
insert into account (account_id, email, lastpasswordresetdate, password, status) values (40, 'sschindler13@google.com.br', '2016-10-01 21:25:29', '$2a$10$J.wHI1x/7zJ/GhSQBM4N6.MZiZCrfN0h7m1yRUcgFaJrTfvKUUX9a', 'ACTIVE');
insert into account (account_id, email, lastpasswordresetdate, password, status) values (41, 'rgrayshan14@nhs.uk', '2016-12-08 07:21:28', '$2a$10$AoaoIZSxl8FwZcIA1RqWiek2cr6o.kLP2k3o3b5BZsiaD.ebtT/Xu', 'ACTIVE');
insert into account (account_id, email, lastpasswordresetdate, password, status) values (42, 'wvarden15@mozilla.org', '2017-02-13 03:42:08', '$2a$10$0PORxKgy9ak3gR7wDCpmx.hV/WUplhjBvvjlIuJSmaW1szXe7oihC', 'ACTIVE');
insert into account (account_id, email, lastpasswordresetdate, password, status) values (43, 'crushmare16@biglobe.ne.jp', '2016-11-18 10:54:48', '$2a$10$VR9FOI/ozx34BHfvbbn2c.7ZCwrPgwr/11n2d.HwdAcnwPTeKiemG', 'ACTIVE');
insert into account (account_id, email, lastpasswordresetdate, password, status) values (44, 'ppinnion17@github.com', '2017-05-31 16:35:27', '$2a$10$JHmCYvYouXkSewidc7cuwerhvBKYI.eSERU36iCSVkn7WCbgAhic6', 'ACTIVE');
insert into account (account_id, email, lastpasswordresetdate, password, status) values (45, 'mlongland18@storify.com', '2016-12-01 19:49:37', '$2a$10$FQpNBgJiZi.8oWkgw0/Odey7Hb9kYL/U7MZrjRVkhARUlX9w/7E06', 'ACTIVE');
insert into account (account_id, email, lastpasswordresetdate, password, status) values (46, 'lraithmill19@usda.gov', '2017-01-18 15:58:06', '$2a$10$QlOWsIGXQMh86H2avNJ5CuBMJcfIqb8u3Oli4vBHg4rxUMm407boW', 'ACTIVE');
insert into account (account_id, email, lastpasswordresetdate, password, status) values (47, 'dsaywell1a@nba.com', '2017-02-28 00:07:06', '$2a$10$VLYnBNBLTiH9oAMzUwg38Orc0pqyYqbf18oDNlVIk34HXUMw8ivBi', 'ACTIVE');
insert into account (account_id, email, lastpasswordresetdate, password, status) values (48, 'sglas1b@nasa.gov', '2017-04-18 14:52:31', '$2a$10$OvhD5i.1fxExJMxWUfu7r.ZwQzHeuT6z2PUYe5bg/S8WVJOrRl60i', 'ACTIVE');
insert into account (account_id, email, lastpasswordresetdate, password, status) values (49, 'eciobotaro1c@php.net', '2017-05-17 18:56:33', '$2a$10$S9HQp9WtKoAkFZWHTgbeSOO0Pw.Uv9TZt/i7vIb1j8R2xO7sB56K6', 'ACTIVE');
insert into account (account_id, email, lastpasswordresetdate, password, status) values (50, 'kwoodson1d@google.it', '2016-12-15 01:59:17', '$2a$10$yC0ncgnFnKRwivqmX30AIe.YwjiSr0zWwqd/EjG55kxVTYSKZmDVW', 'ACTIVE');

insert into authority (authority_id, name) values (1, 'ROLE_USER');
insert into authority (authority_id, name) values (2, 'ROLE_ADMIN');

insert into account_authority (account_id, authority_id) values (1, 1);
insert into account_authority (account_id, authority_id) values (2, 1);
insert into account_authority (account_id, authority_id) values (3, 1);
insert into account_authority (account_id, authority_id) values (4, 1);
insert into account_authority (account_id, authority_id) values (5, 1);
insert into account_authority (account_id, authority_id) values (6, 1);
insert into account_authority (account_id, authority_id) values (7, 1);
insert into account_authority (account_id, authority_id) values (8, 1);
insert into account_authority (account_id, authority_id) values (9, 1);
insert into account_authority (account_id, authority_id) values (10, 1);
insert into account_authority (account_id, authority_id) values (11, 1);
insert into account_authority (account_id, authority_id) values (12, 1);
insert into account_authority (account_id, authority_id) values (13, 1);
insert into account_authority (account_id, authority_id) values (14, 1);
insert into account_authority (account_id, authority_id) values (15, 1);
insert into account_authority (account_id, authority_id) values (16, 1);
insert into account_authority (account_id, authority_id) values (17, 1);
insert into account_authority (account_id, authority_id) values (18, 1);
insert into account_authority (account_id, authority_id) values (19, 1);
insert into account_authority (account_id, authority_id) values (20, 1);
insert into account_authority (account_id, authority_id) values (21, 1);
insert into account_authority (account_id, authority_id) values (22, 1);
insert into account_authority (account_id, authority_id) values (23, 1);
insert into account_authority (account_id, authority_id) values (24, 1);
insert into account_authority (account_id, authority_id) values (25, 1);
insert into account_authority (account_id, authority_id) values (26, 1);
insert into account_authority (account_id, authority_id) values (27, 1);
insert into account_authority (account_id, authority_id) values (28, 1);
insert into account_authority (account_id, authority_id) values (29, 1);
insert into account_authority (account_id, authority_id) values (30, 1);
insert into account_authority (account_id, authority_id) values (31, 1);
insert into account_authority (account_id, authority_id) values (32, 1);
insert into account_authority (account_id, authority_id) values (33, 1);
insert into account_authority (account_id, authority_id) values (34, 1);
insert into account_authority (account_id, authority_id) values (35, 1);
insert into account_authority (account_id, authority_id) values (36, 1);
insert into account_authority (account_id, authority_id) values (37, 1);
insert into account_authority (account_id, authority_id) values (38, 1);
insert into account_authority (account_id, authority_id) values (39, 1);
insert into account_authority (account_id, authority_id) values (40, 1);
insert into account_authority (account_id, authority_id) values (41, 1);
insert into account_authority (account_id, authority_id) values (42, 1);
insert into account_authority (account_id, authority_id) values (43, 1);
insert into account_authority (account_id, authority_id) values (44, 1);
insert into account_authority (account_id, authority_id) values (45, 1);
insert into account_authority (account_id, authority_id) values (46, 1);
insert into account_authority (account_id, authority_id) values (47, 1);
insert into account_authority (account_id, authority_id) values (48, 1);
insert into account_authority (account_id, authority_id) values (49, 1);
insert into account_authority (account_id, authority_id) values (50, 1);

insert into person (person_id, first_name, last_name) values (1, 'Britte', 'Hastwall');
insert into person (person_id, first_name, last_name) values (2, 'Lilith', 'Penhall');
insert into person (person_id, first_name, last_name) values (3, 'Jammal', 'Ritmeier');
insert into person (person_id, first_name, last_name) values (4, 'Lavena', 'Beardow');
insert into person (person_id, first_name, last_name) values (5, 'Shane', 'Hulmes');
insert into person (person_id, first_name, last_name) values (6, 'Reinhold', 'Gorthy');
insert into person (person_id, first_name, last_name) values (7, 'Shannen', 'Dutnell');
insert into person (person_id, first_name, last_name) values (8, 'Kane', 'Mattiato');
insert into person (person_id, first_name, last_name) values (9, 'Garrard', 'Urey');
insert into person (person_id, first_name, last_name) values (10, 'Weidar', 'Sturm');
insert into person (person_id, first_name, last_name) values (11, 'Fitz', 'Caldera');
insert into person (person_id, first_name, last_name) values (12, 'Norrie', 'Peek');
insert into person (person_id, first_name, last_name) values (13, 'Clyde', 'Stokey');
insert into person (person_id, first_name, last_name) values (14, 'Fey', 'Harrison');
insert into person (person_id, first_name, last_name) values (15, 'Raul', 'Adenot');
insert into person (person_id, first_name, last_name) values (16, 'Derrik', 'Marc');
insert into person (person_id, first_name, last_name) values (17, 'Eugenius', 'Jeffels');
insert into person (person_id, first_name, last_name) values (18, 'Corina', 'Levin');
insert into person (person_id, first_name, last_name) values (19, 'Joaquin', 'Pepall');
insert into person (person_id, first_name, last_name) values (20, 'Benedetto', 'Edwicke');
insert into person (person_id, first_name, last_name) values (21, 'Cos', 'Jentle');
insert into person (person_id, first_name, last_name) values (22, 'Lalo', 'Luscombe');
insert into person (person_id, first_name, last_name) values (23, 'Beverley', 'Goodchild');
insert into person (person_id, first_name, last_name) values (24, 'Vasili', 'Thrift');
insert into person (person_id, first_name, last_name) values (25, 'Fleur', 'MacNeachtain');
insert into person (person_id, first_name, last_name) values (26, 'Woodrow', 'Sprakes');
insert into person (person_id, first_name, last_name) values (27, 'Beverlee', 'Walker');
insert into person (person_id, first_name, last_name) values (28, 'Glen', 'Southeran');
insert into person (person_id, first_name, last_name) values (29, 'Sherwood', 'Judge');
insert into person (person_id, first_name, last_name) values (30, 'Jareb', 'Sugden');
insert into person (person_id, first_name, last_name) values (31, 'Ondrea', 'Glinde');
insert into person (person_id, first_name, last_name) values (32, 'Eziechiele', 'Haskell');
insert into person (person_id, first_name, last_name) values (33, 'Jerrold', 'Lichfield');
insert into person (person_id, first_name, last_name) values (34, 'Ahmed', 'Ramshay');
insert into person (person_id, first_name, last_name) values (35, 'Alaine', 'Zuanelli');
insert into person (person_id, first_name, last_name) values (36, 'Tanney', 'Chaize');
insert into person (person_id, first_name, last_name) values (37, 'Toiboid', 'Lesek');
insert into person (person_id, first_name, last_name) values (38, 'Caty', 'Imlen');
insert into person (person_id, first_name, last_name) values (39, 'Salli', 'Creffield');
insert into person (person_id, first_name, last_name) values (40, 'Donny', 'Hars');
insert into person (person_id, first_name, last_name) values (41, 'Philly', 'Coneron');
insert into person (person_id, first_name, last_name) values (42, 'Shir', 'Kinghorn');
insert into person (person_id, first_name, last_name) values (43, 'Benedict', 'Laneham');
insert into person (person_id, first_name, last_name) values (44, 'Fleur', 'Shine');
insert into person (person_id, first_name, last_name) values (45, 'Lilla', 'Spittle');
insert into person (person_id, first_name, last_name) values (46, 'Wolf', 'Croughan');
insert into person (person_id, first_name, last_name) values (47, 'Olga', 'Local');
insert into person (person_id, first_name, last_name) values (48, 'Shane', 'Perfitt');
insert into person (person_id, first_name, last_name) values (49, 'Bartholomeo', 'MacAskill');
insert into person (person_id, first_name, last_name) values (50, 'Jeana', 'Scholtis');

insert into folder (folder_id) values (1);
insert into folder (folder_id) values (2);
insert into folder (folder_id) values (3);
insert into folder (folder_id) values (4);
insert into folder (folder_id) values (5);
insert into folder (folder_id) values (6);
insert into folder (folder_id) values (7);
insert into folder (folder_id) values (8);
insert into folder (folder_id) values (9);
insert into folder (folder_id) values (10);
insert into folder (folder_id) values (11);
insert into folder (folder_id) values (12);
insert into folder (folder_id) values (13);
insert into folder (folder_id) values (14);
insert into folder (folder_id) values (15);
insert into folder (folder_id) values (16);
insert into folder (folder_id) values (17);
insert into folder (folder_id) values (18);
insert into folder (folder_id) values (19);
insert into folder (folder_id) values (20);
insert into folder (folder_id) values (21);
insert into folder (folder_id) values (22);
insert into folder (folder_id) values (23);
insert into folder (folder_id) values (24);
insert into folder (folder_id) values (25);
insert into folder (folder_id) values (26);
insert into folder (folder_id) values (27);
insert into folder (folder_id) values (28);
insert into folder (folder_id) values (29);
insert into folder (folder_id) values (30);
insert into folder (folder_id) values (31);
insert into folder (folder_id) values (32);
insert into folder (folder_id) values (33);
insert into folder (folder_id) values (34);
insert into folder (folder_id) values (35);
insert into folder (folder_id) values (36);
insert into folder (folder_id) values (37);
insert into folder (folder_id) values (38);
insert into folder (folder_id) values (39);
insert into folder (folder_id) values (40);
insert into folder (folder_id) values (41);
insert into folder (folder_id) values (42);
insert into folder (folder_id) values (43);
insert into folder (folder_id) values (44);
insert into folder (folder_id) values (45);
insert into folder (folder_id) values (46);
insert into folder (folder_id) values (47);
insert into folder (folder_id) values (48);
insert into folder (folder_id) values (49);
insert into folder (folder_id) values (50);

insert into user (user_id, account_id, folder_id, person_id) values (1, 1, 1, 1);
insert into user (user_id, account_id, folder_id, person_id) values (2, 2, 2, 2);
insert into user (user_id, account_id, folder_id, person_id) values (3, 3, 3, 3);
insert into user (user_id, account_id, folder_id, person_id) values (4, 4, 4, 4);
insert into user (user_id, account_id, folder_id, person_id) values (5, 5, 5, 5);
insert into user (user_id, account_id, folder_id, person_id) values (6, 6, 6, 6);
insert into user (user_id, account_id, folder_id, person_id) values (7, 7, 7, 7);
insert into user (user_id, account_id, folder_id, person_id) values (8, 8, 8, 8);
insert into user (user_id, account_id, folder_id, person_id) values (9, 9, 9, 9);
insert into user (user_id, account_id, folder_id, person_id) values (10, 10, 10, 10);
insert into user (user_id, account_id, folder_id, person_id) values (11, 11, 11, 11);
insert into user (user_id, account_id, folder_id, person_id) values (12, 12, 12, 12);
insert into user (user_id, account_id, folder_id, person_id) values (13, 13, 13, 13);
insert into user (user_id, account_id, folder_id, person_id) values (14, 14, 14, 14);
insert into user (user_id, account_id, folder_id, person_id) values (15, 15, 15, 15);
insert into user (user_id, account_id, folder_id, person_id) values (16, 16, 16, 16);
insert into user (user_id, account_id, folder_id, person_id) values (17, 17, 17, 17);
insert into user (user_id, account_id, folder_id, person_id) values (18, 18, 18, 18);
insert into user (user_id, account_id, folder_id, person_id) values (19, 19, 19, 19);
insert into user (user_id, account_id, folder_id, person_id) values (20, 20, 20, 20);
insert into user (user_id, account_id, folder_id, person_id) values (21, 21, 21, 21);
insert into user (user_id, account_id, folder_id, person_id) values (22, 22, 22, 22);
insert into user (user_id, account_id, folder_id, person_id) values (23, 23, 23, 23);
insert into user (user_id, account_id, folder_id, person_id) values (24, 24, 24, 24);
insert into user (user_id, account_id, folder_id, person_id) values (25, 25, 25, 25);
insert into user (user_id, account_id, folder_id, person_id) values (26, 26, 26, 26);
insert into user (user_id, account_id, folder_id, person_id) values (27, 27, 27, 27);
insert into user (user_id, account_id, folder_id, person_id) values (28, 28, 28, 28);
insert into user (user_id, account_id, folder_id, person_id) values (29, 29, 29, 29);
insert into user (user_id, account_id, folder_id, person_id) values (30, 30, 30, 30);
insert into user (user_id, account_id, folder_id, person_id) values (31, 31, 31, 31);
insert into user (user_id, account_id, folder_id, person_id) values (32, 32, 32, 32);
insert into user (user_id, account_id, folder_id, person_id) values (33, 33, 33, 33);
insert into user (user_id, account_id, folder_id, person_id) values (34, 34, 34, 34);
insert into user (user_id, account_id, folder_id, person_id) values (35, 35, 35, 35);
insert into user (user_id, account_id, folder_id, person_id) values (36, 36, 36, 36);
insert into user (user_id, account_id, folder_id, person_id) values (37, 37, 37, 37);
insert into user (user_id, account_id, folder_id, person_id) values (38, 38, 38, 38);
insert into user (user_id, account_id, folder_id, person_id) values (39, 39, 39, 39);
insert into user (user_id, account_id, folder_id, person_id) values (40, 40, 40, 40);
insert into user (user_id, account_id, folder_id, person_id) values (41, 41, 41, 41);
insert into user (user_id, account_id, folder_id, person_id) values (42, 42, 42, 42);
insert into user (user_id, account_id, folder_id, person_id) values (43, 43, 43, 43);
insert into user (user_id, account_id, folder_id, person_id) values (44, 44, 44, 44);
insert into user (user_id, account_id, folder_id, person_id) values (45, 45, 45, 45);
insert into user (user_id, account_id, folder_id, person_id) values (46, 46, 46, 46);
insert into user (user_id, account_id, folder_id, person_id) values (47, 47, 47, 47);
insert into user (user_id, account_id, folder_id, person_id) values (48, 48, 48, 48);
insert into user (user_id, account_id, folder_id, person_id) values (49, 49, 49, 49);
insert into user (user_id, account_id, folder_id, person_id) values (50, 50, 50, 50);

insert into category (category_id, description, imagebase64, name) values (1, 'Java is a general-purpose computer programming language that is concurrent, class-based, object-oriented, and specifically designed to have as few implementation dependencies as possible', 'data:image/png;base64,iVBORw0KGgoAAAANSUhEUgAAAOEAAADhCAYAAAA+s9J6AAAAGXRFWHRTb2Z0d2FyZQBBZG9iZSBJbWFnZVJlYWR5ccllPAAAA3hpVFh0WE1MOmNvbS5hZG9iZS54bXAAAAAAADw/eHBhY2tldCBiZWdpbj0i77u/IiBpZD0iVzVNME1wQ2VoaUh6cmVTek5UY3prYzlkIj8+IDx4OnhtcG1ldGEgeG1sbnM6eD0iYWRvYmU6bnM6bWV0YS8iIHg6eG1wdGs9IkFkb2JlIFhNUCBDb3JlIDUuNS1jMDIxIDc5LjE1NDkxMSwgMjAxMy8xMC8yOS0xMTo0NzoxNiAgICAgICAgIj4gPHJkZjpSREYgeG1sbnM6cmRmPSJodHRwOi8vd3d3LnczLm9yZy8xOTk5LzAyLzIyLXJkZi1zeW50YXgtbnMjIj4gPHJkZjpEZXNjcmlwdGlvbiByZGY6YWJvdXQ9IiIgeG1sbnM6eG1wTU09Imh0dHA6Ly9ucy5hZG9iZS5jb20veGFwLzEuMC9tbS8iIHhtbG5zOnN0UmVmPSJodHRwOi8vbnMuYWRvYmUuY29tL3hhcC8xLjAvc1R5cGUvUmVzb3VyY2VSZWYjIiB4bWxuczp4bXA9Imh0dHA6Ly9ucy5hZG9iZS5jb20veGFwLzEuMC8iIHhtcE1NOk9yaWdpbmFsRG9jdW1lbnRJRD0ieG1wLmRpZDo3YTVjYjdiOS0xYjQ1LTUwNGEtOTM1Zi1lYjNkZWFlMmE4MGIiIHhtcE1NOkRvY3VtZW50SUQ9InhtcC5kaWQ6M0VEOTREQjk3QzIyMTFFNzk3OTRBQzdERTY0NDQ1QTQiIHhtcE1NOkluc3RhbmNlSUQ9InhtcC5paWQ6M0VEOTREQjg3QzIyMTFFNzk3OTRBQzdERTY0NDQ1QTQiIHhtcDpDcmVhdG9yVG9vbD0iQWRvYmUgUGhvdG9zaG9wIENDIDIwMTUuNSAoV2luZG93cykiPiA8eG1wTU06RGVyaXZlZEZyb20gc3RSZWY6aW5zdGFuY2VJRD0ieG1wLmlpZDpiYjNkZGE2My0yYTIyLTE2NGYtODRlNy1mODNiOWJkMzI2ZjgiIHN0UmVmOmRvY3VtZW50SUQ9InhtcC5kaWQ6N2E1Y2I3YjktMWI0NS01MDRhLTkzNWYtZWIzZGVhZTJhODBiIi8+IDwvcmRmOkRlc2NyaXB0aW9uPiA8L3JkZjpSREY+IDwveDp4bXBtZXRhPiA8P3hwYWNrZXQgZW5kPSJyIj8+6iNE5wAANQtJREFUeNrsnQeYZFWZ9//n3lu54+Q8MMPAADMgwrCLiIJrwBwAXddFRITFuOqugeczryisrq77KSrr7or6IYgiICwIkkaSCDjEGZiceqZzqNAV7/3e95xb3dU9HSp3hfPOc6a60q2qe87vvvGcIxzHgRYtWuZOhIZQixYNoRYtGkItWrRoCLVo0RBq0aJFQ6hFi4ZQixYtGkItWjSEWrRo0RBq0aIh1KJFS41DePiTopZ+g0VtNbXl1NZTO5baCdTmU1tErYWal3+r7u66lSS1GLU+t71EbQe1p6l1U9tPLVwrX3bJvzsFD+B6FAZtE7U3UjuH2jI9Thte+KK60v37dZOeG6K2mdod1B6j9ozWhJWRM1zg/pbaRj0mtcwgu6jdRO0BanfVuiasBwjfT+091N6kx5aWIuRxaj+ldgO1wVqE0KjRE+eh9hVq26ldpwHUUoKcTu0aVzt+l9riWvuCtQjhp13H+8vUjtFjSEuZpIPaJ6ECOldDBew0hJPkXGrPU/s3akfpMaOlQsLwfZbaTmof1hAq8VH7CbU7oVILWrRUQxa5Zuo9UCmupoXwza7fd4keE1rmSF5LbSu1i5oRwiuo3Y7x3I8WLXMlAagI6v80C4Sc3+Aczjd032upMfkAtSehqq8aFsJ2an+mdr7uby01Ki+HKoc7oREhXEHtL9RO1f2spcaFS+SeovbqRoKQ1fufqB2t+1dLnQhH7R+ohtKoBoSt1B6FLrLWUp/yILWT6h3Ch6EjoFrqV0LUHnHdqbqE8BboGQ9aGgPEB+oRws9Re7vuPy0NImtdpVI3EJ5N7Srdb1oaTFipfLJeILxZ95eWBhWeDnV0rUP4U2qduq+0NLDcWcsQcnLzIt1HWhpcjkMZp0GVG8Ibdf9oaRL5DrUFtQbhR1CDSwdo0VIh8bsg1gyEvK7n13S/aGkyuZDaibUC4Wegil61aGk2uaoWIORjfFT3hZYmlbegxLLMckDICcylui+0NLF8eK4h/ITuAy1NLmwJts4VhCdDlahp0dLM0ga1aNmcQPhWff61aJHyt3MF4YX63GvRIoVjIx3VhpAjQsfqc69Fy5icUm0Iz9DnXIuWCXJetSE8T5/zOhfHbVrKJbyUp6gWhLx12ev0Oa9f4ZHimB4YRu3uj1eHwrXTq6sF4SroOYP1LTZB6G1B1PZCpAlKoU9JmeSoakGoly9sAEvUZ6YQWXgqeuP8dxF2lJap5NRqQbhen+s6F+75/gg6Vp+Ewx0b0TcAeC0NYhnktGpBuEGf6/qXVAxo8drwLF6Plw4Cw3EN4lyYo1aRtsxafa4bwCQlX9D0t6F99Sr0jd6EnYPAmg5y9v1AIq0Dp0VKwTWk2idsZiHQ0L4KwWNeCb+HNCPd30UgDrBG1D5isRKqFoTz9LmudzUImWgSy0+B1b4Ehpfu0mhI2QrEoQTg06ZpMRKsFoQt+lzXuWQIMBouYuUmOPGhMdOTNWCG7uwaIo04qkEsQrzVgtCrz3UdC1HljHAIYR0Mvx/pw1thJ8dzhVIjEqS7h4FBbZoWKma1INR9Uu8Qhmm0nHaZ7MjRnY/KIE1ur3LeMEOm6W7SiMPaNK2oFAuhDpzVM4AElrG2FeYZlyDFEO7fIn3CyVdYr6sR2TRljahBrC0ItdSzDJAWPPeLsNo6kQrHED/8IszAkSaO4/qI0jQd0qaphlBLWXrbOUw3Lz8GxtmflkniocdvRHTXCMyW6eHiBH7aVhpRR001hFpKMEMxqsIG5nv/G4bH5Bpu9D3wH3DoD8OY2fv3uFFTrRE1hFpK8QVJC5pvuRTGsWfJuWjDLz2F4S1b4F8wjZc/iTKOmqZdEFkjahA1hFryFYLF6aLO3rga1gU/gpNS9Yo9d12JZD+Xrs0O4JhpaiiNuEdHTTWEWgrwAwchM7vWZb+DYxmyRK3/xT+j9+6bEVgGaY7mA6CYpBH3DJNG1EXfGkIts/iBpK0QZgB/ALFyI0Q0KR8+8IsPI03azAwWBmCuaZpy84hD2kfUEGqZRkhbOQcJtHddCvOsj8AeGUUw5EXXvdei/4EnEVhFz2cKB3A6H1GbphpCLZPNUALQOGMTrL+7Fk4iBV9LALGRAez/yadgcUrCLB7AXBDZR9yrS9w0hFomAXiYYDh6ETyfelAGPkUiAZMe3/OTDyG2JwbvwhxfsEgAs6/xsUbM6KiphlCLEo6E9hEEIdJSn95MhATgDAwh2NaC7oeux6Gbf4vA6hwztEQAXatX5hFtVyMOaxA1hE3dmzw7gjSc9fGbIZYeB5sA9M/rQHSwF7u/fwmsVnqZp3wAHuEj2ipqOpzUIGoIm03cihhngAC8/IcwTn4nnOERWMGAfGrHd9+B0QNx+LJmaJkBHAPRHE9fSI2ogzUawqYBkMxLp5us0b/7FMyzLocTGZXd6/f7sP/XX0Lv3Y+MR0MrBCBy5iPyNKg9Izl5RE2ihrDRxdlPAL7h7bDO/w6ceBpOMoFAewv6tz2Cvdf+C3xLCASjSLgmvyaPiWwSRAJ+37C7ipvhvl9PgjtCil1tTUsNXUadA3RzygYyQ29RGjE6At+8eUjEonjp66+X5qenLScY45RZA04aF2KyjzgErG4HOnxAkr+fHj9aEzaMcCT0EA36ZR2w/nmz4mB4EGawBaZgP/CtiO2Owr9sUlK+VABF/q+13DziPjJNR3TUVEPYcBqwnwZ0qwnPZzdDhDrhDJLtZ1oIBLw4eOd30XPH/QisnKI2tEoAYpJG3Msg6qiphrBhei0KGQ21Pv5riBUb4QyNkDXokB/YisHtj2Hndz8N7wI3HeHMHYC5IHKt6V6dvtAQ1r3wyE25qYhLvg7j5HfACUfJz8rA29aBdDqD7d86Dw4NdE/H1Fqw2gBO1ogcrOHKGo8GUUNYrxDKSOjr3w7z3P8DZ5SITKdI4/nkoN79k0sw8kyXMkMztQOgcNsYiNpH1BDWbSCGJ+e+bD1pwd+oZQrjpAWFQKAliMMP/xIHf3EdgqunjkDOJYC5d2SJG/25f0TXmmoI6y0QQyaoaGE/8A76j0ZuWK2c7WtvR2I0jj3XXAozBLV8oVODAOaIRU+kHAUi+4jNbJpqCOvFD0yqYIz1oZ9ALFwjAzEwBAHnk+mI3de+D7E9UfgWH+kH1gyAkx7gBD4Xfe8nHzHcxMEaDWG9+IEHeJGm98J4xSVwwjF6zJGwBUIB9Dx2M7p+dTMCK+oHwNyE/lgesUlB1BDWgxnaTTcnrob1dz+Fw3H+dFI6fd7WVsQjEez90UVyku5kM7TWAYT7dS231lSapk0YNdUQ1roZOqpGqvnB/0dqgiiLjKhFQg0LXhq9B276DMLbIvAtmqgF6wHACT6im0fcH24+jaghrHHhCbrmWy+Cse5MZYYygLYNb1sLhg/sxOFbfgT/konR0FoFcDbJzr44kKsRhYZQy1z6gRwNXdMO6/z/VumITFI95fHL/bf2X3cxkgSp1YYjiqdrEUBRAIhSIybU/UZXiRrCmlWB1CKkBd98lVrEhc1QnotENqe3xY/BbY9j4KE/TijOrncARY5pSsoeBwnEcEL9/EbmUE9lqlUt2MtJ+aNhvvJyOPGUjIbKJ0yv1ILdt30RqWHyneYrXzCvQS7y78uCABTTH7NgkMU4iFxZc4BAXEH3W71qd6hGHHpaE9aicICFzE/z7deoy+Ro1CXTga81iIFtf0b/5rvhX1oAgAXGg4oGEKUDmBusyYIYbuCEvoawFrVgP3XMqRtgnHQunNHk+JZJwpRasPfubyPRq1bPzlsDijIDKCoL4FTBmkatNdUQ1qLEedHef1S9E4+Na4aWECI9BzH0xO2yMgaZIk3QcgCIygOY6yNyQr8rotIXjaYRNYS1Jhx/WTeP/MEL4CRzNg7kgIwpMPTkrYjuiMHT2hwATjZN9zegaaohrDVTlCA0/+piiPZ2IBYZf8ryScU38sytMD2YNUIxFwCiQgDmgmg3oI+oIay1gIyfc4PnuA+Mk+YJBTCy81kM/eluOWO+FgEUFQQwF8RMNn3RICBqCGtJwrx/xGIyR8+Bk7BzRr4jZ0rEtj+EVB91mr85ARy7IDUYiBrCGhInSqbohndCtATlZN3cbmKdOLr/GVWe5tSWD1gtAHM/i6dTcrDmYLj+gzUawpohEHLmPBZvyLFN3U7yBZFMZhB54fdHbupZIFRFBU+qHITJ9zVjUdOsRqzTyhpdMVNLEHJvhBYcMewsv4nwticwume3nLIEZ+KoLGRlbJHnk7MdU+RJn5hl3JRa6cMz9KVpOgIsb1WVNclMfXW91oS1ImkabAFq7cunHKiJ7heRZp/RMw0sqACAKCOAZdSAk5+33Bn6nEeUM/TrTCNqCGsIQoRMiNaluZbo2EBLRwdViVozAVhAVU42anqIQIyk6ss01RDWkjnqCdFlPDTlUoV2bLjgSbvlBhDVBrAIH5ET+l1ZEOskWKMhrDkSp3bC7GRUaUgxdwCKGgZwKhDZNLXqAEQNYS31RCoGMGzmkSPSTkSbAkCU4RjZxaO66JRFk7U/Q19DWCvC4IUzcIYPTrmPoJNJqSmFhQ5Wp3QfcLYIZ9EATrE2qihmZsYU8xctNf9ZaUSeoS9qd39EnaKoocuhw4s6DXdN/bTlU+ZoqWmInP4rWx7QKf045UiJTL5YcJVR2g3W8KLJIY9acLjWxq/WhLUi7gK/TrTPHUTOhFvDF8prJIoZ1VhhGnB2tVgCyDnHKuliIGbWxNn0xSE2TVMqfaHNUS3TDyYaLM6+R9z7E40UhlCaqU4BAKLMAKKMAKJMAM7ymmwekdMXh6MqalpreUQNYS1x2EZX7advgdPXDREKTeyoQDtPrNcAFghgrkZM54Bo1RCIGsJakhBvexaHvf0+5a27iUFZ0Raap3Zl0gAWDOBkEA9FayuhryGsNZOUJ/Y+80t13/TKG0bRt/R4ub6ok6wMgKgXAFEcgLkgsmnaTSCGa0QjaghrSUjNifk0SDb/DvauLRCtQakNM/EMAkedhMDqdbJ+tFCwyrUeaU0AKIoHMCucN+SipMNusMYyNIRacsUHObnXfvjf3R7yyES9xyPQsv41sEfzh6bWAEQNAJjNQ/LsCzbtD8fmPmqqIaw14SLthXSlvvc62If3QbSRo2hn5ADzr9hwZJqgxDRENTVg0QCJ8gKYFc4jcmVNtwviXPmIGsJaFJ64O0ID5NeXqvvegDSfAkefDk871IahJWqVak7snUsfcDoAx3xEF8SsRpwLH7E4CB3dKtqIOLGIFODddyPzp19BhPxIReJoO/50tJ92hlxnZqa+ELMcX8xUNVLMcWY4VkHHmOZYotD3TzqWwMzv50A0r+J2OOLWmooS+09rwgYRGhmCNGL6F5fBiUXhBNROTG0vexcyCZReCVPi+qH5RGXLkRIpSQMWYMKyacqVNT2kESPp6pqmGsIa9g3BK13sG0bqR2+ViXo2SVtOOhc+nvcb1wCWO4iTzSNy+iKarp5pqiGsZWFziTcAve9+pO+8Wk6+b1uzAW0nvwLJHhQ3IbcSALqBE74wpAao0XdLHqbWTX/308UjgrG5kLUKYC6IbJqyRoxVCURLj/TKASRVV0rdyqUpLDfoIvL0HeRse3o5acTMf38eWLwO/pe/Cx2vvBR99zxS+Mag5QbQbelBaiOAbzlp6qOPhdVCX5hnfWQyyIwOId1/AKN7BuDQufAtVGvpTFg9oEYAHIPCHI+aLqbvGvQoDVmpyRfCcQo/9OGPCDrlaNWkub3KA2qUOinm/m27Ph2Xf7ZSDwY74VmwSnZuevdTSHGPFmKDsDPYpw7rvfoJ+Fadiuc/ugyRrYfgWzI70PmYocVoQAaJdxAOHns25r32g+g850LlW+V8JTtJLTqAyDN3Yei+/0L4ifuQCROMK107zKktAHOjqFxZY9J3XFQYiOEl1zhtlYfww00OIQ++sAJP5vVYuy1th1h+MkQnja7gYhhL1sNz7FnwLF+vNt09uBP9D94E3x++hHneFBKF2jgMIpl4dosfrf81iJ6nH8HOy/8GgbUoeqJt3gBOs+Sgk/bCu2wtwXcJAqs2SOCszmUIHbdRmli89KAdT8Dw+WC5Nlf4+UfQff2XMLz5XlisMFvz22m4YibsLCZ9xp2XuIBAbMkPxPCSH2oIKyOs6YZcP62V94s4nqDbCDHvaIijXwFx1OnUU0vYepSNtUF4OIbIX+5G9PnfY+iRXyHWMyDrP9fOA+b76ZDpIkA8SJ+99liYX3oCL33jtYg/8Tg8CyeBWGkAs/4qkSW8PqR6o8iMuF+RtH/rKa9G+yvfj87XvA8WPZ8YDpM5noHw+OBtCcjPPPyrr6PrR1+EQRcwzzzMuM3bXAE4AUS6XRTMSyNqCMsasmLwBtwBt8wP4+XnE2x/DbHkBIhjXk2+jTG2cLbXfVukaw8GNt+AyLbNCD97JxIH5d6e8Mynq35QbfnMofC1HQRioDgQnf1kzr38BBxe8xYc/M334ffGxs3bagCY67M6Oa/jUjDy+ziPyUGa0Mb1WH7pN9Gx6R1IROOkKVVI1wy2wucz0fvAz7D36xdJbciLGjt27QEockDkU7ww6M7QtzWElfPveFwN039DKmFunPFeiOPeCGPdmQTimrGxx6EzK2hJ+BLxJPru/znCW+7B8NO3IrYrDsOr9pM3AzhiDRTuQO5DCWKRGtEcpGMs6cCOoTRGByMEIn1MNQHMY4AnD6jfvvKzV2PxWz5LII4SpKrcR1heBEgrHvztlej6ty+Qn5snXHMA4GTTlEGkrp8ORA1h0cLqLEJjhga3sYZ8uld9DMYpbyPNd5ICT9qXZFZl0mRytckrebT7AHrv+iGGHvsNRp5+Ub7GS6ah2TJzVQoPcO5A7tRjigWRtS9p1RgdY2dYmUg+s0wAur9XBl5Yc5NFwBcVOZXKzv8YbAGkh1Sq4uhv/AALXvsRaZoqh9KBEQjB8lnY+bmNCD/+HHwrZjn+HAI4HYhTmKZVgvDyBoPQcs1Orh1871dhvvGfgEDI1YoRNRKZHB44Hi8MfwCHbvg/6LrpPxDfH4HVobReNvWQV1G0UKYpn/41RYLIPRewVD5r+5CK5jGITj5LYDguYEllQmYjnTKlIiA3nuEt2Kz2NoQ2vAqZ2CCizz5GD2RgzJbqyB3opjJPOT2z7se74V96FFLDw/JFjm3D39mB8ItPYPc/b5Kfx8v8lxrNLbUofbYLwBiIgSlBDC/5UWEQ6jwhlAYULe2wPnYjjJPeoKJ1Q8PjyTV3VAnTIzfrfPFrb8CeH9yNto3kHxzrXr2d/AGUDDhq+gxrxF0c8CkCRD50nF4foIG+rp00In3lOOfiOOGcVlDJlnEDHy5o/H0NjwqiWB0+mK3zCboOuj+PNPlaeJcfB//KkxFcdzqZ0y0Yfux36PnNlfReG4ZVmBnLn+1ZQL9rB9Dzi09g9Wdvg9xqmL6gMAwkR1MIHXcaghs3KG24qMwAVuD92aLvXrIQFvhVsCZTQh5RQ8gDpYdOxOUfg0kA2sNRNVKnicvbtgP/snXoOP3PUjvEdqmrPS/CxG/hK768mpuqsTcvF2gSOXsruL6b7XYog7izn47erkBkkMaKge3x21yYcouF43QboM9YQ197F11Q4oZcTZ/MRx+ZfG0w/a0wfC0EVLtMIXgXHQ3PwnV0u5qgW0Pm8zwIX4heY8maSV82ujvQiwM/vAx9d/xcQiujmHbhfiR/b4veG9t2P5IjYfpOrbBjKpzqJGNy/ZzQ8W9E+I/PlR/ACpmwprsbVB+BuFDM6CNqCPMSMivsvc+qHcd8Xjh0dZ5qRLE/mCK/cOWHvo8lF3wF4WceRHQHwRjplZUhzugw0tEhpMO9sOMjsFMJMvVG6XZcI0mtmZvNdqOLXCq1nQDK0GCdx4Xb/PGc6zA5tOqX05kMH3kAPrJ0Ah0QdB8et3mDSHlaEAoGsS6wBLHQCvg6FpGWW0oarp0ACsjXGz4hI3xGDsMZ97twIQFfMxL0HQf+dCuGNv8MA/ffLKOc3sVKcxYD4FiwmZdNjUSQ6tmJwDEvm3Ao/h7+NZvGg1iiDACW2QSd6nnTXembQeSL5yxRUw3hjObJQhog996G5IovwPvOr0OkCcT0FCC6fmFqJEKm2wIsOOs8LKJm5youeltmNAw7EaOrfJxuI3IfCQlkOilX0gY16bfZbnkNqU+DHK00dYfBubeAFx6TvoOl4JFqjUH0qL+Fd+pRkVHXE+msZ1yTV5mfjvysTIwa0S7oWKYLpFwynrXeticRff4BDD/8c4w8+bT8Wt5FqmRO2KUBKCE01Hfh8zJ5pPOpMPxt8nc5ztQDvtYAnGya9sfVeQhYGsKiUxOikwbIT65EinwizysvBrJRvKlGHK/7Eh0Zzy+TvSmEa2+S08TmH+fCRNYUxZGT4acT242NIKuxsgDI5iiAo+mpk2oMH32gbXkJNBOGqTSYUKtv0q+x5C9KR2KI7HoBycM7kO7fhchz9yD81AMygMIBGZ6lkVWXwi5PKoN9VLPNS+bw8klf3VGVf9EBGSQyywFQGd+fz3uzM/RZI3JljYawKKdQqRCDfLLM9z4IY9lGmGtOgzM4jFlDgVCkjEUkyWTNpOIzj1ohFBjyb+VMijGn0qCPFC7U7gXCyv7J/7I1ORPrwJ0ciDNkTqf7DiM91I3UwH4ku3fQbRfsaC+Zyn1IHNqGxIHdyAyr1dtYA1l0EfIfNclMRnkA5P8yUa4XXQzPgpWkDY+s3o7veIgexxE1tXPpAxby3iyIg9T1KzWERQqPXhqIxmHSFN96HcS/7oLR2UkgDilbKp8rLpl5nMJgaAwxtfabPAHbwXg+jtWFMlnTSuPRLZuvbNJmYkOwR0n7jpJ5G+2XfmcmOiwDG9LcTYwq05d80fQgA3gA6RF+LUPpZlkMFSySqQeycM1Fk0aTU4CGKDCZb5MV2nLaBbC8BpLDI+OvIX+WT31s693ye9UDgNNJNlhTHU3YqBvCcHpgMXXA3iGkv/MaeL78F4hQC5xYBFNulSSVoC3D+F6/JfNFqaFhgoMgGT4kTaxMZIgAotvYCEEURoYDNnHyGeMR1Ri6dFIm7CSAaddnTCfGnnOSDBgBmXDzepnx3N4RUVehEuvcWMOZbZB5zGkHl1P4AM9nd6PcXF96gPzLFQLz3/FlaZYqx0/lCX3kRI088wBiz+2A1Y68pmdNm0d0igRQFDa2Zzo/xWzBpjXhVNGN5dQXD21B5qbPwLrgW2QredxMtjgCQE9rh8ydHbr9P9F3z3+S9jlAcBF00YSsNBmLiqbHI3/ZlMUYOMZ4ikM+lv3byLFYXQ1mBCZCV0iAomj/qZS9DOk3p3rp2nbxl+Brb0OCix/cAJcZCEkt2POzj8hzZc1341TFAFgHQRwNYSHCg34p8XjDtyE2vh3m+lfCGUveZweXAysQkADu+ObbceiG22QhsixZs2R8RpZ5TdBUZTDr8nqNKMMxygAgXzjie4D2Vx2Phe/+ClIJV30LFczy+T3o/t2/IvzIVvhWNyeAgF7eYnpzu0Vpxcy15yktFmiZWA9mmLD8Puz76WfRdf1tCK5VM8sZPJ4tIc1BM0fr1TiAKDeAdBFKdCnttuqKu1UENKZ2G3YcAX97K4a3bcahH3xOziuE2ZwAaghnMUvl+i7P9yBzy2cgfOYEv5D9wMRIBD23fAveBcr/yieimC+AAtXVgKLMACYPqYvQ0d+4F76FK5AcGnEjviaCHW2I7nkSez/3WlVN0z5zKqTSAM50rkWFAdQQ5jO4eDXsm78Ne+9zEHT1lqUtbDkl4/C0hNB5xjvkLAEOmgijfACiigCWWwMm3c2G13z7DrSd+Bo1c8LOyD0WA20tGHr699j5j2cgE0nBuxT5TeitIIAFH7eMAGoI8zFLufxkgMbJ9Rerx7wqju6k4rBTKRz96V9jxSV/L6/8XKTMix5xBHO6CpOSV6N28tO4ecEzy2K1BQNIoym+m4NHBtb98I9oP/lNiA+PkPlpwzuvE56ARb7zV7HrU+fK0kDvMqiI9Gy/sVgAS9jGe3JwqZSL5ez9UMxUpsuabHkLjm72Ap6v3gnjlHPHcodOJgNPe6cs7xz8010YfvJOjPz5t0j07JfL/HHdJc9U4CYT7tbMWrCcpmze8IgyHYPOUXwfEDx+DVZ/7TcIrnwZ4oPD9Nvb4SVTPda1A4d//AkM3XOn9BNlOiJT/G/MG6JyrYuavwYNn/yLaswnbDYIue6RNJ1x8vGwvvQ8QBoQ7lINnKbgBL23JahWxCDfJ3FoB5I9LyH6wgMIv/AQacltsm5T7qjkjIOZW/JSrwCy9uNqGDZBO17/N1j95VtheUNIjqbhJc2XofHVR9qv95dXItWXVjPozVl8wHIAKMoAcHEmbPgkDWEFrVO60ltfvhHmGe8+spLGTUCbgTYZGc1Ock/G0kjHRmCYNkb3bMHIE3cguvVBxA88oxY/MgoY+LUEYHYJi0Mq67DkQ5/H0ou+KS9E2VLXobv/B303fQOxF3bIggEujctmKBoUQKkJC4VQ5wnzvlxRI3fQvufrMDadT38Hx7Rh7ujJyNIyekpqSD/8LX6YwXkY/vN9CG/5PWmDvQRfiuATeS8VUWsAyiX5I2rZitCGtVj+yf/C/A2vlu5drOcAwo/dSgD+ANHntsqLjMwBokoAYk4BLEo0hAUEaeSUp8eehf2X22FuehuceGzqulKiyyBHyBfyo/ehG7Dv/34U8b0D0qzNLhvBc+dkHtEpbeAUPABKAdA1n2XwpQVY8U/fwPILrpAW9cBLz2Jk8/9g6A/XInEwqha6WqJMT9hVBEjUF4DFQ+g0KYjZPeUfuQYgCOHxyTrPI31IDwEYxOHbrsKOL18hTTH/yil8QHv2XhVliNCJWWoj8z0GF4Pzqxe+5x+w4G0fk8tiHP7f/8TQ/ddi9LknkB5WJicXLYz91szsg1zkMa5EhX7ftGkepzzwVs4nvLSJV+BOqA7yXL0bYulRcEaGJ555Op/ejnZEtm/BCx86RWoEXhYidw7drLvSllEDzuYj5XsMrhoygssQOulVaP2rNyO25R703/UzZPrdtWo6xwsW8voMUeBvqICZXqEqGu0TVlxI+TkHSSts+TXMZf98xHIMwlJz/Q794lNqDt3SiZufVBXAcvqRBuf/kojvuBcD/3uD/N28wpxnDY6c1JjnQK8ZACu0nEa+opP1xZikbIVu/g/yCZNkZ4YmPu0NyF11E13bpBla9wDmTCxOD/Qh1dcr15zhjWh4QauCTMgaARA1BKCGsNgADSea9+6Hs/95CL91xOiweWY9maW5ZWx1C2Du77YmrQuK+gRQVBBAoSGskvD0QvKKnW13jfmBY5LJqPVlLJ+ceFsIVTULIEoEqIoAos4ALB5Cp8mbe+bsp3+r+LPG12Wwk6Pw+EyEjj9bbpwpJw7MVKOZrZOc5TPFTN8ldxAUc4zc18zQx3m9f6rvVuz7C/x9s50nMcsYFkX+rmmf15qwwiYpuYJO9wtqVTa/b/w5OyMnWiy+4GtyilNmEOXdIbdUDVCklil1WtWca9ByvVeUv380hMVKkCA8EIWz/V61DXbWJKWRnIpEEVq2Gksv/DzivDNRZvozXfTgyJnoJlDeHWrrDcAZ5wOKykZR9VSmuRSuBBklxffUTe6ZzDmVdkou5bDs77+JRee/BrEdbpTUKCOAVfIj6wHAUvzHuQZQQ1iiScprlTr7/6SUoCeY0zsG0rGofMnar92Lhe96E0Z3qnpLYZYRnkYEsBImZA0DqAMzJTbBy87s3gXs3wYRmLgnmdxxaGBIPrTuK3dg9T99QS62O7pbmafZOsy8gwCTfdIKB3IKCuLMFqgo9HeW+PtEHuN01iDMDONd5BO405qwSsLVM70O0ndeJTvebGtXS9VnB7lpIDU0RKZpBisv/Bcc/+MH0XHmWXLuHfuKU6UwSq3kKIcZW+saVJTywRXUvsVqyOJqRy9p4trRycLzd0jDpd78UXg+8D20ekz5UJpXmXbnGKpbA772VlmzPfzoXej9zZUI/+UhpMPuitit7tbaWQ1ZJQDlmqg8I8tSOyfVrQkrSoek1Drb7HzCDddXY1KvhnBCgEZwgKYPGFi5GnjTFVh81jsQmL9YssRbtPPy9Qwin2vDH4Iv4JEB0+jWpzD82E2IPHkXEl1PI3lQ2XhygV+vgkJuSWaUMMAcd3cmd0devkJkV+/mz/EuDcK7ZL3coyLdd4iOkZp5IGoAZ3teQzgnItQ+BE4/sLuHemFRG5ad+0F0/PW74TtqI3xtLfJlcruJeJpaDMLjgyfkk52XJjASB19C5On7EH36biR7dyIT6Ua6v1tOD7LducNGdtPRKVbgzvopTu6GonBhZk07z6M2B52/ktoamK2dMkokeCmKwzsQe+Z+8lkPksJOF7VOat0DWD7zv0oQfrAJIXRm7g1ZOGOo/ep2kc/XRa2Fxnlg1Qq0nf5mtJ7yFniWrINvyVq56lh2p14n59DZ+a/puCM3gEn17iYNuR2pnu0EZJfc5IV3uOV9Khzb3R5NWrxCpkiE6SfgAnI3Xs/CNfAsJugWUFu0Gmawk8AehB0ZQKpvH2Iv/BGj2x9F8sDzdPwBpXUDkwILtehDipIhyft7FXRsoSGsjPDShaNqByPeGD4jd0+afo0GCaJQO7jujwC95O9ZMQJrRM1EtzoEfEvXI3j8GfCtOAFW2xKCZAWZhOtIOy2TS+cbOdGy7N9ZN9GeJgA3YfejMZBtJHt4+7MugnkvYs/di9EXNhOAe6jZ0jzlzWJ4pn82bVKLQZy6mApVIoR6PuHkE5lUZqWcsXTiajirTkZ0/07YQ93wOiNkdmZmnBCfdmlZ1aJo6aUz7GfLL8M5fIf8wK0YeXKrzO3LXZMIAs+CFngXH0faizXYMTBDHRC+IPmDQTJbPbIYXJikPQ13zUQ2O1kTplNq/VPeHi0RQXrgoNqLsHsXtd1IDTpyx1G5ByG91WxVfqZngWvWOlWKojpliIKWOwdZ4alQ1YBQNBR4PKh5gvwQtQ6C723vg7XpfPQ+/SgGdu0kf60PgcQAOvw2gl7l/9nOLCBSW9WqHuglbeo3lU/H/hnXlI4FTYilVF8Eif1PEqRPji8HYU3aqWnyIMz6ftlbG2Pz/rKmpadz+s1oqgWgXBJxVH1HI4S81pupdQBn8SGNakHYGKvMsBnGgctBOnPHLoHx7sthnfom2Edtwq7rrkDvDf8KRAmahWp3tDC7YXTiQ548QLRVd7BG5PsMIm9nYUzaOZTn55ketZvTlJA4U5ufuRNuUa4tpssJoGtHp7rpYrCiBb6VGxB79jEV+S0BQNQ2gHI7xmpBmGoEAJ0B1SnWx74D47WXwQiG5EbUL3zqFHRfvwUdZ9LzHUrL8A6s0dQ4ECHLBXEm0zQzDqI0TePkWloFdrKYYb/7csyJq8D7+aRwdVCazHrPYhMrv/JHxLY/jpF7Hxtb/rAUw2XOAZz5+Uh1IHQQo//n1TWEPNevcx6sz90FY90mGdK3eXvp1ha0n/YWDG/egtE9yqTjRDqbkqz5RglEwy1dCloqCDOrRqTnV7qari+uNKIoppPF7PZISeuqOEUA6OYgOY0iUykp5edaSxaj84IPYN55H0NL5wr0/OyTsy6HAUw9o79sQRynRMBmWNUta5DQWBitlibkWXIr6plB3lvCes9lMAlAm+cEusuhpSMRLHvfv6D1ZX+D7pu+h9EXH0XiQLdctIlNqRT5hDb5dQ77N35lmhp5+Ii87PuKFtV3AzRYveYMGq6Iq3jJAM70ftfvtN2Ev2xptRMVjyAO9HiPWgGrYwUCJ7wawY1voPsbEZi/QA6wQ3dcg8jmB+FZVOBAr1IUtWAAZ7BeyEdPVQvCw9Q21rUmbOGZ8Q8j8y7IcrJ0LIFMYlRmzpOkEdtOPFu2xMAQos/fh/BTv5fL2HMSPTXYhZH+FJI0KJN0Bls5GW4qf5HtWXnFt1yf01QApRz1UNZHnEkjVhTALFTZxH52K+90DmD2uFnJf3NQlkvqzA4Bc/EiGKFOmKGF8CxfD/+aTfAdc6rMgZqtrfKCZLg/nTM83b+8Cj0/uEJuAMPVP47doABmz6uQCqowE7uoPOHF4sd0c1ldQ8iRR9KGybUnIXnB1Zj3inNZscnLWDoap8HIiTRT7qtuuZcq9vHsWBSpoW7EOcl9YCuM4UPwJPvhTYYhYgNwhrvhhOkaFR2WOUY21ZAd5LZK6LMJe5A0a09c+ZXGDCpxQnRT4MjlFTDNNl7OJBPTDfDIiKvHzQ1a7mrgQY/cPclsXUBtIfnGHfR4KwQ1I9AOz/wV5NutgbVoLWm7xRC+FnqNZ2y/DWlx22pKJQOYSqQReegGDP7uu4g99hSshSrw5GQKC3TM6VzEPF4kprhPp+GhDb90zqoGhJ+gm+/VNYTujGujh2AgIEZOOwfzznwP2tefjuBxp4wlyXncZEbTsNNJuaYo5+sMrxiLQ9vua7JVL06MqIv2E4j9dEuURwbhROiWAMXoiMzrmXYCRiaJnghp0wQdl9VPJiP3qJDFADyi7Wztmds/dN+h+0JSZI7t+873hRz9pipD43yiacmQq/yuFtnPnGekW843Gv4gATGfIJpHGq1NVtKYraTdWjokcAyXMcUgGysWSMG1vR2C0RgDMcP+8vOPIr51M8Kbr0Pk8a0w/RyYmeLiUeMAFqwBs9d1wXuQ4NqTb3D+oRoQvoZu7kUDiNywhE7Bof3ATmIltBToOPlMeJaeCP+qDQgefyYCR50Ey2+NOd/Z1d2Vj6SWN3SyXcOL/5JtKqyZ4lpKY1jTxFec4q8rMz4mplCWYy2tVL1DFxve1FO4RQHyYuUNypXEjVwg6b/kvhcx+twDSJCZntz3FEafeRypfqX1ZEGAwOzL9zcIgFkI4xm885QbnVuqAeF6utmKBhG54ZKl/LTdBKJNlqTJgBkqsR44ej28y49VZWadS2TOy0f+kGfhKvJ12mfWHK6qlOdZajPHrfl0nSPHwYRk4JSjyxlX3U5utalzBLkOJiUY3RElsratu288a06pQem+VKzGxJRjLqjpkTBSvOfivmeROPAsMkNdSHdvR2LnE3LmByts6TO6S+HnvUNuOadriTICWOR3499NFsFRG2909lYewg8IXsuhX8UHGwtETqrvDY8XY5PViEzYDb+7Po0MwdOA4zIz7+K10o/itUYNfyes1g5Y81eT77SI2hKCdJFclVuMmYTe8WqYSe5eqZpwOnyn0npOOq383nQCdiKKzHAP0oMHke7dh/TAAdjRAWrD9Nu7keJSuEMHkB5SEVGRLblrdYu+C9jstIxThso+GbgMPmQi7WDBSTc6BeUKi42Ocp5wM7XXNwqEPIbiNDgXuhUde8Iq2ulhM2z+pDC0rQIu8d1diG3tUvvuZVWfGJ8LyGaZ2dJCplzQNen8sgnLL6cy8dxCjjQa/hbVuF7UF6LX0vOmV75GwetxNZdb+5bVoK7fyJuNOmly1sg0luYkz7LgetJ4hABTdaU8p9GODhFEowQftSQ3rjuNwqHXZSJR2BE1wVf6fW71uHBL7QSXwS2aJlJbyG7DDQqgex36PaqWrFdyUyNBmAvi/IC6vzeiUgueSepKagK/GpxTdpBb08mDmetCHbmBvcoVOvb487mpgqwJJybPGcz5e7qE8dj7J6UWuI29xxiv5ZR/596aKn1gce1/xzTqGTU0m6L2NKD8bckMHk8WYcaUAuGDaEDJgrjABZE1IrtObJ46+XaQMb6jbcGBBGeyj4e8KlmmLPQupRZUA1jQ7+ZrKY2Tmz1VhnAntYPUljcijKOsEf1q8LCP6Lga0Sk1ijcbHOLIQTKXO9SWCmCtLghV7iURaVzspf+2WkUUnJey2hobPz9HA0s8o0DkKUnsfqWdaS218gBY7EDQABasAcsJoFBli7enaIykMtWFkOV2NLiwRlzgV+VmDGHaaVAA0TwAVmRfCoEfcyWUaVbXHGV5mFTw03R7ckNrxJTSiCz7Iu70J2Pijmh5AeKUAQAxjQ9ZjoHklABgnjMWit0bsWgAJ++xWCqAk4+nouV/IUvpOTFDcUL5NeHE1Yb/vdG1If/MBGtEH7A6pEq00plZKlTKub9fBX2ZsmvAEs91WQu5y/i8mOHxtI0f8/hIuq3a5ijLDdTCzQDimI84jWnatACWwc+qCIDlLOaeJkJG1lCYLso/ZVPUMCbuC1RNCLmW5Bo0gTCIowTiPNaIra5GdCb1TxMDKBoZwGnEBr7vMZDwkWPnM1QrWPsXVbZ20RHfiueN90DuU9QcwstU9MdVQp/D0jJ9oQFsKgChqmMWuytNjMkJNxbGVLk2hOEvcxWaSDhqyhqRTVN7hqipBrD8fljVAJz9+W+SPxiT091yWnU04fun/fm8voavWUCUa5OapBETwIGomqBriRkmRBQISaWX9it4IJarikaUGcBqL4mooqC7YmmsI5fEnvzyTTfPjSbMukzvbyZtKKOmHKyhy86K0LiPWBMAVvj9tfrZqDCASnNJ6+cyQ8D2EkGeSW0uAjO58itqf2g2EOMuiKtcEDNODVzJy73Ee7nWJBVl1oCijBcPkR8w1L2308X2XsvdCGhym2sIWd4FFTFtKmGN2EkgrgypJP5MlTWNaoKi2gCiugC6LxkhP/C92QtwGTbqrQiEnDP822aDMKsROVizPDQxfdEoAJZy7EYAUK4h4+BC6ucIryebmqYVKpXaEOZWGpU/pNsPNxuMPA2q06uo5GANcoI1My3eW5Z1VZwSAZxlceGSStmcMgAoCv9es323fM+boVYW+ULGxm1mmXdiKb1sbXqd/BFqT6EJJZmrEd3ZF0Y5C5rr4f3lTmFUoJQt398tV91z8Ee6wF7pOBO3AJmq1YomzMo5UPMOFzSbaZqNmnKn8BqjDKIlZt5bsGgNWI6BKJoIQFEYgJaBp4aSODuaVoX75RajwuORNxM9Ayh8ff5GAZGDNSumSejXBIBi5kEuUOBzVQBQVBFA6rKHqR//mrMSljG+cetMrdY0IcsOamdDLQzla0oQvSpietAtbjJFDQFYTjOuShoQVQKQfPin4hmcRX3ocJ/5K6SyjCqNx8epbYLahrPpJBs1XREsMo+oAay6CZrVgGTBOFl/3kG+4ZDahJDlWWqnU+trVhA7XBAdu4A8YpWDMBWtRqkTAEkDPkn9cw5dLFPVAKTae9Zvp0vFy8ApDODUZgMxkR43TbtimJC+mHUgOpWfkV8SJE5ptaRl+25TvFg4+QNI4P2B/ngzb6RVrT3hjTkYi7xC22nUrmtWjcjBmuXBIxP6Zd+foUBNUCktVUoSv2QA84TANUGvoD55HZmgSVHFMWHM4Xj8ALWPQ21j11SSdE1TBjEbNTXmGEDRxADyTubUB+8lL+GqYnN99Qohy/epnQgVOW0ayU1fLAvlpC80gFUDMCcAcyNpvxPp/N8g5mg8GDUwJjmF8WqoCpuupgvWeFVlDZccliWPmDPC8h2Isz5XZQAFqrIq9xY65+fRBZDrnHvFHI4Do4bGJNearne1Y/MEawjEdgJxabDE+YiTHqzI2ppV0oCoLIDddIq/Suf5FMfBzbUwBowaG5Nh10/cQO2nKN8uYTUPImvEZS6ItjN3e/TNNYCV0IDu47wG0tV0atfR+f2K41Tf96sXCLPyPLWLqR1D7YvU9jcFiB4Fou1ULo/YLADmmLSb6Vx+nC5uPJY+L2pwec7i1pi5sIRrSHG6jScHnU/tDVCThlsaFUZes2YoSec4pmZeWPluQiPmeJfaOQYwuzOVozYofpbaA/TQ9XTnsaStzqXHGMsFygudmVMJw4/x8zzrJbuhcXZuYKpArXlagWvM1AuEuTIPKqL6VmpvonYCaseyKBuIwwTioZgaKIYoHcC8IapRAMcgyzkmN1uNp1EaxvcSSI8TN3fQhespd79WaeqlXAgtDWHZIJwsq6itoMaVOBupraPWSS0EtQ5q0NWkdQWq1wWRt+/mAWE0MYAkcRo2MWJi1DUnRwiaXWkbmwkcnrPaTcO4PwsbX8ScHHgbEkItWrTMsU+oRYsWDaEWLRpCLVq0aAi1aNEQatGiRUOoRYuGUIsWLRpCLVo0hFq0aNEQatGiIdSiRYuGUIuWupT/L8AA5ZJn/Jd/F7gAAAAASUVORK5CYII=', 'Java');
insert into category (category_id, description, imagebase64, name) values (2, 'C++ (pronounced cee plus plus) is a general-purpose programming language. It has imperative, object-oriented and generic programming features, while also providing facilities for low-level memory manipulation.', 'data:image/png;base64,iVBORw0KGgoAAAANSUhEUgAAAOEAAADhCAYAAAA+s9J6AAAAGXRFWHRTb2Z0d2FyZQBBZG9iZSBJbWFnZVJlYWR5ccllPAAAA3hpVFh0WE1MOmNvbS5hZG9iZS54bXAAAAAAADw/eHBhY2tldCBiZWdpbj0i77u/IiBpZD0iVzVNME1wQ2VoaUh6cmVTek5UY3prYzlkIj8+IDx4OnhtcG1ldGEgeG1sbnM6eD0iYWRvYmU6bnM6bWV0YS8iIHg6eG1wdGs9IkFkb2JlIFhNUCBDb3JlIDUuNS1jMDIxIDc5LjE1NDkxMSwgMjAxMy8xMC8yOS0xMTo0NzoxNiAgICAgICAgIj4gPHJkZjpSREYgeG1sbnM6cmRmPSJodHRwOi8vd3d3LnczLm9yZy8xOTk5LzAyLzIyLXJkZi1zeW50YXgtbnMjIj4gPHJkZjpEZXNjcmlwdGlvbiByZGY6YWJvdXQ9IiIgeG1sbnM6eG1wTU09Imh0dHA6Ly9ucy5hZG9iZS5jb20veGFwLzEuMC9tbS8iIHhtbG5zOnN0UmVmPSJodHRwOi8vbnMuYWRvYmUuY29tL3hhcC8xLjAvc1R5cGUvUmVzb3VyY2VSZWYjIiB4bWxuczp4bXA9Imh0dHA6Ly9ucy5hZG9iZS5jb20veGFwLzEuMC8iIHhtcE1NOk9yaWdpbmFsRG9jdW1lbnRJRD0ieG1wLmRpZDpkNzBiM2JiNS1kYjJlLWQxNGUtYTM3Ni03NTA1M2M0Y2Q3NTUiIHhtcE1NOkRvY3VtZW50SUQ9InhtcC5kaWQ6OTdEQTFEODg3QzFFMTFFNzkzRDdDREQxODAyM0VFNzIiIHhtcE1NOkluc3RhbmNlSUQ9InhtcC5paWQ6OTdEQTFEODc3QzFFMTFFNzkzRDdDREQxODAyM0VFNzIiIHhtcDpDcmVhdG9yVG9vbD0iQWRvYmUgUGhvdG9zaG9wIENDIDIwMTUuNSAoV2luZG93cykiPiA8eG1wTU06RGVyaXZlZEZyb20gc3RSZWY6aW5zdGFuY2VJRD0ieG1wLmlpZDpkNzBiM2JiNS1kYjJlLWQxNGUtYTM3Ni03NTA1M2M0Y2Q3NTUiIHN0UmVmOmRvY3VtZW50SUQ9InhtcC5kaWQ6ZDcwYjNiYjUtZGIyZS1kMTRlLWEzNzYtNzUwNTNjNGNkNzU1Ii8+IDwvcmRmOkRlc2NyaXB0aW9uPiA8L3JkZjpSREY+IDwveDp4bXBtZXRhPiA8P3hwYWNrZXQgZW5kPSJyIj8+X+OvDgAAVg5JREFUeNrsXQd8HMX1/nb3ej9JJ8mSbbl3G2yDTS8BE3oLmPKHQOg1BUIJJIEkJEBIAqEmAULvHQLYgAHbuPduSVbv/Xrf3f/M7p10kk6ybKucTjv8hKwru7Mz8837Xpn3GFEUoTSlKW3oGqsMgdKUpoBQaUpTQKg0pSlNAaHSlKaAUGlKU5oCQqUpTQGh0pSmNAWESlOaAkKlKU1pCgiVpjQFhEpTmtIGr6kG8uKlbZFur6lVLNzeMBqdfjhsWkR4oM0ThlHLQiD/sRwHVhQh8iIYFQOVmkGrMwi9RgVOpYHXF4BJz0Gr0UEUBfijEQQDUXBgYLXqESYXbG71I9OmgV6nhs8XBhgGYYGBlmWk+/AsB483BH8oAqtZD71aBZ8/CJ1eDZZsS0JUAE+up1KpEA6GIZK/SM9g1mngD0ag0WqlZwmHQ+QzHDiGJfeNgBfI98h9cuw6tPqC8PujyCF9CkSiIJeBVqsinyfdEcjux7Hk/iF4yGf0GjXMRhX5dxhCREBEiMJuNYETGZBLQ03uqyX94SMB1hnwTGE1GVNZlpldXt3my8/Jcqq5UA0i7nKLwVakMehQ1+yDhhPIdzmpX1Eyniy5kEbNIRSS5yQcZaS5II9OnleUO0XGMxAhn9MwsJCxoHNkIPfWkbH3kDlTq1k6lCCXlK7FsqSvUfJcGo78LV+iwRkAR8Y5N8OAEJlDXhARCITJPJOxJ8/Ik/mJRETotGp4A0GYDRrQhwz4A2T8NRDIDUTyGZ5cS6cn4x+OIBwSYCPzRF5CqzsAgVzLZKDjTsab/FtkRERJPwxGLXmEKELk+zoNmStyfRobbTIa4PVHyLMwiJB5CJHntepF+EJy3DQvhMj1tMg0GaXPx6Opx2fohj8IlXbwTSCLQUcAbjVpEBaZCZXVLRfWNbt+VNfSNjsQbhwdFFhpsZlKm8kGFI2adELtGEdw1Zi8zKUmvfZTkxZtrgAPJUB/hEtCpR1co7ixm4mkjwjHrdlWccPeWu+V5U1h+MJklyaSRRRDhBUQZkCkaTTip1JDxTDMWFVp41izvvWygkx169xJGa9MHZ/zLMeI+5z+EJE2yrgqIFRan8BHqV8GoYJNza77/req7M976gkxJoCzmAwwa2Q6iDhhotRJp5XoNiP9ySBIuOKmimDG5vLKXx05vunmHy8ouDIn0/i+2xuRpKvSFBAqrQfwUamWadWhrc13+dK1Nb8srI8c2RIAMjPtBGCyvka0l3b8xRsTv0Ds31qit+nsZqKDCVhf5tWVN5e8N3+i6bMjp49+JsOqX1rf7IUgKGBUQKg0JGAHNqL3mfXc+FVbKp5Ytbvl3DoPkXxmA7JtHAFMBAfKJUWBh5p8JSvDClcgjM82Os/ZXe4+55xjC17Iz7bcHooIwRZ3RJkABYQjHIDkx6BXQa/VoKym9a/r99bdsa9J4FRqA3Ky9BD4qGTpk3nmwV0f5PsmLQeT3o5qTwAvflVx3eRs7sxTFxQ8lm23PuELRshGwCuTMcRN8RMOcqN6mVrNwUHdKaHIT77fULzrnZVVd+1t5DiL2UIAoyEAjMSARBAoMocOdyIZqaFHrTdhc42Y98rSfY+v2Va2TKtm5lEKzFK3gKIvKpJwJFBPalTJshoQDUfmfbOOAGFvywnNfhZmkwUWNaWeXXW+gxSDSSmqAA3ZckdlmuHzR/DF1rYf7a12bzpuhuPdGRNHXRfhOY/HF4QCRQWEaSv9jAYNrAYNV13b+tCyzVX3bir3w2y2ItOukWinBMCuBpd+gCAVpIzYcT2B52HQcdDrbKhwBVCxvGbxMXWeY46aNerBLJv+RdEjICpGlUlTQJg+0o9GlphNalTWea/9bkPpA5vLvWOijBY5jkxJFxD5aCe7i5jkX4eidyb+JTFbMU49edgIRY3yOqwq8Y3eWbXvhfkTzNfPmZr3h+wM/ZcCLyoUVdEJhzf4aLObtWSAhflrd1R/89o3hS+sKQmO0Rit5HU9kU6CFHYn+/2YpACSdMJD8LJL3467FMlfjNhlugXq5ReQYTMhwpmxdKdv4XvfFn5RXNH0qE7N5llNOig4VCTh8AJfDIBWkxY6LUzrdtT9df2expsrnAy0BjOyMtSS+yBRwoi9Sj2xn/snJn+V9EmrZpCdZUGDP4hXv62+e3pOw8+PnpP3m8kFmU+EI4BbDCkTrEjCVJd+ItQqDllWHepbXNd+sqKk8qM1tTdX+nSw2y2Sq0AU+NTeQkj/LHqye1hs2NHA6F5fVvL4dxsqd/DRyPEZFh2R2owiGRVJmJrgY1gGWTYDIuFwwQ/byt9evaf5KFfUALs1E0QllCyTqbp2RcqH6SkLQldlSS6AdBkOuxGBkBafb2mbtXVfw4oTDxvzxtxpuTeEo6K/2RlSwKhIwtRoNPzLQvQmu0ljLyxvfOTdbwuLvtzqPCqqzkCO3STpWxSAqU+jmZj+2dH4aBQ6soNk2c1oChnx3qrq//toeWFZQ4vrRodVx+m0KiUWVZGEQwg+svj0WjWyLCbUNLp+9cO2uj9sKHGboTEiM8sMjkgTgUa7xBY204M2NvRSMGEn7uKSlKmnvIHYyEYT4bVYvc+fvb18378WTLLfc/L8cT/LyDAur2sNxsCoHNNQQDgo1FNenNmEqjndvlOWb6m7edXupp80eFgiMTLASQuZb1/N8XWdyvJCbO9nR5/bgRh7XyDSnCPP7bAZEYzo8e1uz/iatj3fz52U+fz0sdl/M5m0Rb5gUHFpKCAcWPDRFWk1a2GMcrZdxfWPf7Ox7OriZgFWmxU5WRzBHh/7XHxZM4g7GVJ1aca7Sn+xQu8RchJICRh19JRGphWlbSHsWl59/eGjW64/bcG4R6cU2O8NBHnU05P1ilRUQNjfhheNhoNBq0F9o/u2Vbtqf7Ox2JMnqPTIy9ZJR4woALtxvJhsYYDUByKS8NFuJFqOu5OkHZH2NhoBZMzCrgYvKr4ovOeY6fYTj5uV/1SWVf+m2xdWDDcKCPsHfPIZP3qiIbRw1faqR1fuaDrRI+hhs9igVjF9cjkMl7UoMmKvPWe6SDdJXyQfcdhMCIR5fL7FddS2ktajjp+Ve+rhU7LvybDqm2i+mbheqTQFhAdMP81GLfQqdtbGPXXXbypq/Hl5iwCN3oYsLSfRMmVtyU2IOfpHOWxo84XwyYaGn5XU+S4+bnbOY5PGZj7nCXFNNNGTYrhRQNi3BUWtnho1rBYOtS3eKz9cW/7q9go/oLXAblVLBE2goWbKUHWTmZQVWAlFjUKLzdUB046y3X844bCc2844avylWTbDt43OsGK4UUC4P8MLtXoa4PH4fvLx+pq7d1V6FzT6GNgzMsExctJDRmQUACZpbAxcdIOi7g6HVYdQNAff7fY6Smp3LJs51vruwlmjf6s1aItbWr3KgCkg7Aw+unxorKdZB9WOwrqXvtlUe0UpoZ4WqwVZdi4W64nOCZaUtp9xJdSdY5BBxrDKE0b5pubF5fXexacsGPOHCXn2BxtaQ0qeGwWEMasnjQix6FDX2PaX5VtrLt9Z7S/gOQNG5+rAx874xSUf0+OaYUY8ODufQxZkM45kJRaQYVJBNGVKVtSar0ofOHyC9cIFU3L+mJdrf7+8XqaoDKOAcMSBj1o9Myx6eH3++au3lj+8cmfDopawHplWG9nBCfXko+3w6gluYuwFRtnQuwCy/fhwgruGl8L4fGEBX+9wzS6pdr130uGjP5yQb7ndbNLXOn2REe3SUI0c8Mm/aTp1QjCnrttZ+5uNhc1XVbtEaPU25JnVBHw8+hrq2QFIBYWdBzp5TgCesAo9WW0Ghx0NvgDeWFl14dQczSnHHzbqnWkF2beJfCQijNDRVI0MAIrQ6zSw6zg0t7pvXLal5qkNpW41p7fCatVAqoLBH7jPT5GCyTcnJOURcStqFFaDFlGDDnub/NbSr0puOGGW+6R5kzJuczhsX7uCPILhKEaSS0OV3uADWJaB1ayD2xv4yZJ1DQ9sLXXO9ot62OwOcKwgG14U7Ay64YaeMKEZ52gs6rJd3imbi1u/On6249sFs/J+Z7DoV7e6R85xqbQEYeIJdw0j0mNGDy3bXHtLrZuFyWKHXS1Hu3R2uCsGlsFuNDBcyzHQWE3whnh8vLb+R4WVzh+desSYu0ZlWZ+Amou2OcNpPw5pd56Qgk+r5pCTqUdtfetf3vymuOLdH+puaYmakZVlg54T5KS66Hr8RgHg4M4TGxt1ORbVrGWRmeVAcasaLy4tfeyTH/aVhP3+q6nvlhrS0lkqqtJnUkVCL2mspxp+r3/ON+vKXlpf2DavLayFnUg/FZuo9yUaD5SzcEOpP4oJFJXC0m7SIcRrsbbENbaicddLx83MOWvWOMedVrO2ss2bnhSVHf7gk3/biX5h1rNZm/dUf/vh6vJtX233zAurbHBkGMExvPRBBWrDYT55okIIhMlY0UbYy0drmi56+evC8r1l9a/lZxpgMmjSztE/rCUhnQyDTg0joZ9Vta13fFXtuX9TqTOD05qRmaEBQ/Q+ge8h1pOaNkX5oJEkDxkafqWAYLB196R/M3KSYouOg6DLQLnTz7z5fcUV5Y2+I8fnmv6Yk5HxJq1mzEf5tGAxwxKENNCalqmm+kJlfeN5a3Y2PL6hyD0+zOml5Eoc02H17Esm66GeRvGgnf5yqeiuX02PzUTO7MYgimyrDsGIDl9saZuaqWt+46ip3l8ePTv3KpPZtKexNSDFrA5nMA4rEIox3S/DYiALTZi7YVflr7/bVnd5VasAW0YGLKzYHuvZp5XfRTAOpW7UP99PTwsvtaJqOFpHwwp/mMeSLY1H1rb6dx05JeNvk8c4HgkJYmurK6iAcDAMLwadBkYNg5q6pj98t73597urfNBZ7HA41GSmIjGXwzDcEcW+GS96/GJ7rYn05tM0lldPplrncGBPQ4DZUVlx14LJ7uuOm5l516jMzBfD5PH9gYgCwoEwvFCHe6bVALfHe86GwsZfr9/bdIIfBmQ6ssHSIDQ+HSIskhPn/dHokRZzKT2vGJUKq0aN2Vi7z2kvrXW/cNws/0lzp+a+QNbJ8voW77DajlSpO9giWIaF3aIDJ4pZWwurX/5+a9NZzUEOJosDmSpR8velzxrs+UmYHuoH7s+5Qk8yiGkYWyfGdh+O6Is5WVb4QgI+WFt/xeZ9LVectWDUE+PHOn4VFVTw+wMKCA8FgEa9Bno9l7WvouHXy7e13FDaELRDI9dzoOnaISQocmI6SEEx+evtBWOY2OLr/ZvtR6/SOrBVyg8n/aZWVD0nQp+VhRqvHy9/W/XLw8Y5zzhmRu4TWTbTv9o8gZQ/0Z9SIKRWT62KQ6bZAFeb+8yPvq95fXNpmz3CmmE126Gi/r7EWE+RSaNFxRDgsNLewvOiNBZRQrMj4TCiUR5RQZSpOdMzCIXY+xz5n0qjhkqthobjpEq8HBv7pJjqmVD7sGWJ3TIVSzaBDLMOQd6A1UWuqbsrCp87elrmDcfMzrvYbDGW+IPuGBgZBYQ98nzSqN4XjUTmLd9cevfmfa5LqtoEWAj1tKoYKaN12uk/DA3HIs9GpFYgGILfG5CWiFrNQk12d1pazZFjhtnAwKQWoFMJMGjl8tbxlIpinK7yAvyhMHw8A2+IRauHJz8BuIh04Ak6w1EBKo6FyWSEWqWW1i0jnfkbvoMq9Z9IRDEGRCkWlRGQnWmBJxTF19vb5pY3hYqPnJr5/NQCx/0sxzS3tqVeNWJmIEV1aVt3S5VaxcLtDaPR6YfDpkUoShcIg1ybBqVVDY98vaXhnr01Phgsdlj06s6SL4WbENtgObFjj6Zg6VqvgWE5AgogGI7ASwAih9vxyMvUoyCDwyirGpPH5sJh5mAz6WExaqUCLQfaguQeXl+AADGEmhY/SmoaUedhUd5AXvNFQIPENCoVjAaDlGGALuWu6QmFWABDh9wZRi4QujExKrS5/UDEg7njzN5FR+Rfl2HLeKfRGYSWDSNuSOWFEEwGLTLJBkXnI/6E4zN06Q3ChjYf8rON5OF1KCqtv2pbScsdW8rcc/yCFhlWE+lYdFhl54ovUiZhkbYvWbogyDIPRyJwu33k2XjkZOgxa4wB4x06jMkyIS/bhgyDesD7WdPiQ3WLGzXNPhTWh7CnxguPL0qoqwpmsxkqlpEKmFKlW8TwT2xFN8KISJhBmws5ZgaHjbN8O29K7sOjHIZvqpsISyA7oiCGRx4IXZ4wQjzNP8LO21LY+PDSTdWnNXoAmz1TolyCkB5JPanUixA11u3xSgC0m1SYnK3G0VMycfikbPL8ul4hPRj6S1WzBxuL6rGhxImyJl5KQWE06GHU64gOniAd28P8Ul5hTGovYFkVfCEeLmcLpuTqccb83H/nODLujQii0+V1w2zUjQQQykqxTqOSdqethdUPfru19oHSpih0RhPMeg1hntG00fWihMu53G6I0RDmTbTh2GkZmDY6A7l2w1DYfBL0b1HSIZPOV50Tu6rasHy3E/tqPdAbjJIOyYEfZjlDxdimwXa4d2Ip8xgCRjfRvcVIANPy9PVnLMj/nUqreoG+nWVORxA6+QRaINMxo47F1qL6F95atu/aIEsLaVqG4SR3NSzJJzRYToVgVADZWsnfEUI39TjviDzMnzwqtXl0F0wGozyWb6/CpxvqUN3GQ6vRw2oxkDUsgBFoQDwrG1qZ4VBvKpm6yEoUtc3ZhlxDBItPnnDp+NGZ7whRppPWmxYgrHB3DAdhoUQKAmu2lj331oqqm6CzwUqln8BjeJvMRWlRRsnEtjo9YPkQTpiZiVPnZGPG2KxhLdBpnOb20kZ8vL4Ouyo9MJktsJj00ukUMQ3CJBiOQ5snCDvnxc9On3j3tHF5j7U6A+3YHZ+pH/4g3NMkpyYQBRGZNi0q61y3/fP9LU8JGhssZq3kaB3OPmVprgi9cfmCCPi9mJijwdUnjsPsCdn9sWH3s1SIO7gPvCP0nSUby/HhmhrQrORWixkGrSolLddxVbCv64rhWDS0ejDOKuCOxfMnaw2afYGgrEYVmNXDH4R7G3wSFadn/ohyNOPpD7dvLXWq1dk2Q6fEusMRhyzLIRgRUN/UijFZWlx14mgcOyOvZ/tKT7aW/YAwldzL3mAYSzZX4f3VNYSyapCVaZMCKPqyhlLjOZKlM6ERDmo0NLdh0Sxry5VnzSioaw36qNV0hmNw9PcBPVnPS+5UBkaDBj9sq36/uCGszrIZYxQ0tarYdusL03PvGE6NZpcPbncbzpprxcNXzukOwPicM0n+3dO6OPC3B7WZiD5x0TET8dAVc3DYGDXqm5vhCfGSLixn3o4ZRBihxzEWmMQEwUM1y2KsHzHRyUeQn+3AulJf5ldrS57mOAa+4OAlmBpQSbijzgOrSYPqetcVz31W+Bqrt0OvZoaFESaZW5plWRA1CbWNrZiSy+KGRZMxs8CBtG0J4iuZJPtuexWe/7ocnqgauVlWcL3Q06Fw8/d6T0bOuKcmjMZis8BFKOi7S1cTQLRhzdPX5QucqnbKINHRAQ1bo0eQqF9wb2XLbZ6wCrlWVSzTWeojr+uBIupn8gZ5+DwunDTNgFvOmQ2zVo20bkyyf8bN/SxOnjNGcrm89E0xChtdyCCLWcuJnTbZeNHwoTDk9HhHas0WBVjMZiIRGWwvq8KqHYVwNbiAkA/rdlc9de7RU36SFpJwW0MQfn9w9gcryrY3eFlZmU9lKZiQdyZx2XCUfjq9iARduOWsKVh02OjUVNoGRTAmN/K8+FUh3ltTR/TEDJj1ainWt1P8ECO0j+2QPoMgwKjTwmC2oKSuAau27UJ1TSOg1gAWC1DZgOOPyce7DyyemKvlSoe9TigGvGx1TdP/1bWEoNNqUj5YWBTl40JM4ol1Qleqm10waUL4/SUzOwPwQMxwwx5+cfgwSZfNtadNxe1njUPI75LM/gzRE+PxtFJwgMhgKJL7xWFPwUdD8jIz7PCTx1m2eSfeWbYK1dUEgBYrYDQQ3TBK0/ZhNaHZ63YUXz1YfRzQUQlFA3PrWlyXRHgmHuue8uyLSQjABllI1Q2tGGOJ4M9XzMXciTlJqM5IEINM8tRoXV4764hx+O3i6VDxLjS0+CQGIeGv/QiROOibhyDKZJhSZYPVgi2lFXjjqxVYt3EbUcaIOmHPlCNkaR/prmEygG/x4LstpUemBQijrPWStoBqHMMyw2rB0Z1bYAgA65uxcLwOj159JEbZ9D2pSyOjMT383QVXh43LwkNXzsVoaxT1TU7CJNRDNFZy3CulniYi6UoaWvDB8nVYunw9fP4wkJklg5AeFIiFuEmUWYgAOhNKWpnxaQHCssqWcS6/AK0+TkWZlF6+0ubOkt0TKlTVt+CYSQb87rL5kmm+x+0//Vlo7zp0Ejo+LttKgDgPY6w8UbEIEOliH0TuQKmnhqgRjsxMhDkWS9dvxvtLVqCsrJaeEiDU0yiF33U+GCy0G21gzsDe0lo+LUAYiES8vCjHjabEIo4tGLrz9eSyE0SiA9Y14sRpJtx3ybweNIwRKv161Li6NxqS+LvL52J8Rhh1RCKynOaQ5779YEQSP6ScdkaUPNN2qwmsXo8NRWWEeq7Ejj0lBFhm0imL3AciIXs+ECLS1AQIB0NCWoBQRXQCluFSxy8YG3kpARKS7OKsCnWNrTiOAPDeiw5T0uYfYnOY9YTKL8Q4O4+aJjcZXnWfNUOR6aUepFRMpvPsCDGrZwahmRWtLrz9zUp8vWI9XC4/yItSnCjT1yNytHSbWoO0AGHK0TdG7GZsiJ8EoFEfdY1tmJ2vwT0Xz1UQ1E/NqNXg/ksPh1XtR3ObV46u6eNUyVATe+XKktWT6PAZGXZQ2vXFus1455vVaGxoBewy9QQvSpvugR2HFNMFhKmm43S3LlC3BEd2yUZ60t8qEAk4+6DSSSity1AnsB+H2SBRU7UQQKs3LEUe9W26KHCSF9EWYw53ehSOWj03FpdJVs9t2woJBdOAoQCk3xNS35HLjswlEvd4MVCxNClSEBrRg99ffjhsRl3qSvLhNMJdDg5PybXgl+dNhc/ViECY7/FgcScASpyUQ2J+8bjPz0AkrIXQzL11TXj765VYtnozAjTe05FJ0zdIIWlyysieY1kVEA7tPh1bKEAoIsLrduLWs6dglM04sg0xA9wWTM7GZSeNRmNzGwTCN3rEISP79rq+TQu/0IxxjqxMRFgOX23Yik+Xre5wuBso9ewlg5zIpGSKDtVIXhQ8w6GhpQnXnzYex03L6wGsCgj7s11+/DTUtkTx3W4nxubaIfKRHtSGBG2QZqQjiKXU00/0ux927MWWfRXwtLoAkxGMWiPTX0FMmK4kc5ei0U0jFoQs0QOrG6ghRovzF47bj3KuAPFguEZPeLjp9CnYXrEOTU4fHFZ9+9G2rixEyvdGA631OnA6PcqbW7Fi8y7UlVcDRhOQkSG7GxKTUbXbX4fPBjoi6SjNMUJLL+eaBNx54ZwugOs6PExKLOjhqXUn38No8MN9F88CJ/rgD0VjsaVdnpIAy0CoZ6bdjraIgM9Xb8I7S1agrqEFyHYQEOrlcghi0iIAw2ppj0AQioiKLNED3bjujClwWHQpL+2YAQHv0BqdpuXZcc4ROUQdaKOnpBFXEKVkyKRfNnOHw/31L7/H7sJSQEvmymKWgZdG6dhHHB1lOTVq61uIDmjGwkmONNteOgOW6ZVhD/2mc8nxk7C5pA2VbV5k2QxSiTuTTgeV0YCdhHKu3r4XzhYnoNHK1JM626nhJc20gxElCSnt8QYjsOtF/PSUyen3fH39UIoYKNQsi5+dOhnRcEByF9lsNsnhvnTtNnzx/To42zyy1ZPohIhFu6Sjdj6iJCGtTdDU3ICbzxiLPLupdzGS1iaT1Gmzx2bg0uPG4NNdfmzZUYwthSUI+wLSkSLq76PgY4RYWbj2qBdGAeFwNcY4PT4UZKmx6LC8/lO8BrF5I4AvEEQwFEE4Eo0VUgV0Wi35UcNs1EDbp6Dr1KLO+blGfPHU13C5fTQ1H2Czyp+IOdw7XHvMsKpJo4CwS+MJ8/Z5vbj9J5Nh0Gi6LwlxaPWkZIK4vNmH8joniqpaUef0wR3Rwh8SpGpCkagoOa9pBJhWzcGgYshzibBreYzOtmFKvgWTx2T2WGRmqJ0v8fv+472VeOidDXD5OKL3WeMhMSNKW0o7EIrx4radLNcsWpxuLJxqw7HTe0hJzwwtH43fuc4VwPbSFuyucmJbhQ9tngg4tRocy0GtphEjKinnqU4nV6qV0ggSieEK8WjxiijnGWyobIWwoRGjM6sxM0+Pwyc4MHtcBkw6VQ/y8GCf/eDH7IuN+/DQm6uxZvk+IMcBOGxANLJ/KScqIBwWGk97XpHYKzwBYTAYwBnzCnpYP0MfnkbB9+GKImwo96DRQ0BG9CGacj4nxyznupH6nOhWSIiHpOJQRSSJTn6WeEYYZyCEL7f7sGS7C3nmKE4hNPz8YydBlVggJpYL7UDlYrxE6YEWT6siEv32Jz7GJ5/vBYxE8k2bIN82GsFIbWkHQlbsYqZnOLhcbswaa8LsIcoR2tsS9wTCWLKpAku3taDBRU8FmDEmRytTMuknGjs/14e7yNls2+9j1KlhovU+CHid/hBeXdmAdSVOnDUvFyfMzidkj4mBiDlgjsoc4Mbl43m8+Ok6/Pb1tfDU+oEJBHwaRk6uJLIYyS0tdUKxiy4YCUVwwZH50KjYlLJPrCmsw3+XFqParUKmzYTRORQwPBFyCblZD2mBiu0Vo6xGHSxGPcpb/fjrZ6X4ZF0lfnnebBQ4zAOo1crtyy0luOHhD1FdTsCXlQVMdoCJhiFK0WpclxkbefG6aW6YYeDxBTAxz4SFSQO0B2fSmST3fP27Yny8oR6MyoSCPKOUp1NIAF9/GwHl+EoGmWY97BY9SprcePDN7bji5LE4Zc6YftiYun95X30r/v7WCvzr851AhHDlKeNlGi3pfoxsCBOZxCPzw6YWqQLCPnNTFm6PD2fOypQKkw6QjeGABAWt/ffoe5uxYq8PY0c5oNOwEOhJgsRs1+3Wpf6xRCQmRovnYRmdY4XTG8ZjHxejtM6L6388/aDGQkwoFJ7YHn3re9z/8g/gW8nrBbn0iD0QDneEp0l5h4Ru2Q7EERgrn550lJEXciQqwKpX4ejpeb0AY5BmndymssmDRz7YhWqniEljcyXaKUSjcgVZsWdKPRADxJPNwKpXQ6/NxQcbW1Dv3II7L5gpu2+YA3uwxI+//PVW/OuzjVi3roZQT6KDTzdLBVcQiXRI905uiLj0G7knVdILhEyCZYFKwTYXZhdoMDnPejBsql+bJxDCn9/bjkonh4JRGVKcZMxy1KUTYr9XwG23qTJiAthFSf+kmQXG5mZh5d5mhN/dgj9dQXPesgeyt0it3uPHnU9+jjc/2EKknp3ofdTqySdQT3FEA61XwpaOeiBdaHKooYCTZjgGCXhij381ugL4zSsb0RTQEGZmJdIvIhclSQnaIIIlEnn86CxsrozioXe3HpAcdkV4PPTqd5h943/x5se7CfgmAeNz5CS6vJAwzkwPQ8WMeHCmFwjF2Lk08isQiiAnS4+FPVHRgdL7kizhZ/63G8WNArLtZtK9SLtfTtwPkPvbOMSIXTcrtj3tP0OkYn52Jpbv8eC/y4r7dM2vtpfhsGuewe8eW4pmJ3lhxkRITshotCdZrLT01wmZ9sgXnz+Aw/L10Km4Qbx3d5vGa9/txebyAMblO9pjIWWrYGoMVzsFlpI08xI1fX91HQocRpwyJz/p1wrrWvHAS9/inWV7yTPpgMNnyc8WCXeNlFDaiDTMSPoHi0iUx6Qc42DeuFPtItq2V7bizeW1yMnNIa9G5U+I7GCYXg6ox+1/kT+1ZNMymS14ZVkJjpzigEXXOc72sfdW4d7/fAPBRZbO2FEAjU2Nh5sp4FPoaHwF8EQhpBWBJ+VnDq4umgBBdyiKZz8vhNlKqxOjW+HMVNSCpDIARKJlmnXwRLR44uNdCRJ9JyZe8RTufuJ7CFoi1aeOkSNeJOoZL5ONjoxmig1mBEtCIgUDfj/yMzQYN8o6BMtYbu//sA9lTRFMGG0nTC2KHssYpdgWRkPcOCGKCfk5KG1z4/UfyrB2+24889p6Ajo7MH60DDg+2rttSpGIIxeEdO6DIR6TJ+lh1jBDcHcGVW1+LN3chDxHRtJMYqm1PplYaTAJgdDReFOzCSW1zVhNwPfKh7UArY0yZizhqkS/5uXnYWJxqt0O2TIK+hQQkoXEcgxhS45OwBhMSfj9tjp4IxrYNRzpTxSpzs1oRms1p4LVaoSH0MtvN+/E+l3FQFiQ6zmoqXGLj0k/NrkergBQAWEcbjz5v4o81Zgsw5D0obYtiK+31iGLuiMEYUgAKMZwwe4HE/LJfBGZFgsEjsO6whJs2Vsi53bR6wkAtbLDVRS6abKdJOB+H1HoiBVt/w7TUXopbtBhYlKWYQ6xkhebkH40cYNITVdJmkXMUCt5FHYDPZWgRx9XSL+2b7ZWoMkrYpxFQ3RBfvAHAPsJAhDl9U+NVwadFlq9DmWNbdi0txglJZVE6tH0EjayZsXYJtJX2O+nX/SmdHf0+ACnV6oB2AkT9Hc20eE1aogHO25kI0EoDDS3yPdLBDo9smEmG7PNnMSPqYCw/5YgjRcN87CaBWQYNEPSh+0VbliMRgJAcYjHIiYEYpKmXYcDpZ5qZGVY0eoP4fv127GdSEDpc/aMmBQSOgorH7JMjvWFsliXC5PHZeHUs6YjFPCBj6W7V7ECWI0BH68jG1hrgEjhg5w7XwiOTA3OOelwcGIUoago45A8T5ZZjxVFbdi4p1FOHJxCEjHtdMIo0QlpPt+h8L3UtAXQ7GVgoD4JDGYlIAZy2VOxB9kYo56En1rMJgTJ4txeVivVdGirbwasNjmzGZEWcRbYf/EEsR7QBL/kXqeeNxvPXnNS0k/u3P0Cmkr9BITaAwcJ7XCbG5NnTsCLtyxK+pF/frENG5cXAeP1iiQcMF2ITAS1RubYbUMjBUsa4PJFyW5sSDglMLTMQFrMvFzFVkckdBmhat9v2I6GGiIRDKSfDppUl5F1P6aLrUXsDwDGTkhQELIM+EioZ82RGn64Q9g+GRZCpGeqGQyFpD4oOuEAywOBLDirUZ9AhwZv0PfWeGLn9boaMAbacJhcBkpWTxoBYzVL+WbWbNuNdUT6ga5TavVsrwEhdj+/2N/9FWVltDNLjyuFbNx8E/v/Qe4AdBMWu96zYzOIimJKhqekFwjJJEQFCsLB3+2avEEUNYSl5EyxvA1DyQnIWAiwEfAJnAobi0qxetseBGlSXVo+WtKXYwAYctWI2c/fh7QgumzGqekqSisQUosfzSNj0av7f0L30+pbvGhxB2Cx0lA5vmPaxcFdzgIN2dPLVs99RAfbuLMYlVW1cjEVmz1Gk5OFtvTzWLFcTMLFrs+SpcZpJMrYE+BE+hlWLWeP6ySy4omAE7pMP5N4LQo48n2R5XoGeuwz0k/XMRB4BYT9AkJCRXVqDlqtdtDv3eymRg2VZNqXTsp3Sfsg9qOZIxE6QjztYIx62jKz0OL349u1W7GzuExmdzZbjHoK6M41+wt8McCxsWtWNQGhQIeFhyPg2rMPtQ3je6SjFZU1hNM7AY+jw7BF36aGmtHZMZ8leUFHrlXXBjjdCSAn16hqQUVON1LQ/ojNtKjonmI5zUb8TXo96jqhmQ44puMMpALCg1ueIqGBGvJEWs3gP1aT04POTi/0K/i6yi1ZbRJjcdMiwZkFvnAUK3cVYkdJJdpoHT+zWfK7tS/eAabAUqfoAidS5TfXLsAUhw6ROJaI1Ao5j8CsGWN73ACe+/lZqGsOQGvQdSxQAoytRNd+8tPtBIxmGWyNbbjk1AKcPisfEV5oB3LIH0RejqVHdnvFCVMx4clLoTWb2rdHjhXRGhTw4Ac74POR6+hVCggPpUWjPEwEgOZOhpnBoaVtHr/k9xqYQ+JyygvpEG77UwkS9TQZTDCajCiqqcf3m3eiifyWardnZEoHdfvucD/ELVCM1Y2Ikt6FA/j5hUci16Tvw3bSMWA/OfmIpJ/c2uDCk2/8QDYUk2zdbHbivIUn4rLjDzugPs6fPEb6SdYefm8TfEEoIDzknZilMoGXLKTdtsIBNpT6AyHZMjpgB3Y7Os+T+9DcMFkZNtS5vFi+swhbikqpkxRwOGSpJ+k4VG8aBBCKTAcdpXoa0etK6lzInaxPSgtjpqPEqvS9Tk9lPaGRnKrD0KJWo67VfwC8ofeJr3aSDZR+hhsaw02auSi6ksFBHFSGiZ9Rl2liv4rEWDY2UZTM7BazEXoi7bYUlWHZxm0I02pGFjtg5DoZGMRBswolnqY40HsK3Y0wyeZuv9VPk319eBxqTDOdMKYnJVsIAzwfoih0GGIGgJNSWqlSq5Blz0BDayu+/Ho59u4pBKx2sNmjpDt3ilXtVhVnEHa/Dm7afQ6SYopJ8nb3sROYBIkr7ue5mP3uFymHzbQLW6N1CFl28D2yKi523KffwQ0pcbEtwy4VfVm/ZStWrPgBYWoIslkIBQ1AbKoHa7GC1ekJWKmTnke7A14cTBR2GKY6lRw4IAR3b2op2DuWKJiVB0V1sJEvSb6mU7FDis60AiHFXoQXEY7QRahOoDsD76i1GHVkA4jEjgcd6lGcWM+J9DMaDTAYTdhZWIhNGzahtrJa0omkcmK0ii1ZlWI4AL4lCFavB2u0Q9RoyFtxR/wgm9xjkd8G3YEFYYu9VHgySQHdsR1FlJ9Lq1P3W5f1Bi1ZO6rONUAUEB6cXsIRFAYDUfj81MylS9j6Bn6Hs5kMYFhXjC0dGADllCxxWz4rgU+n1cBmt6PF5cG3S5dhx6ZN0sl30LhYInUZetKBiaW1J5KC0mHBR6RjMADOZANntpHXWBmMPYrDzn66QzKKxZvkHlLhisc+h8PAwh+NR4RzCNZU4/yzj8D9i0/qpsDR/6599A1sL/FAl2FB/EiWRs2iwUs2VXtWzHBCxmlUNh77eCc+XFkMf5hvv0awxYXDZubhhV+el7SXL3+zGU+/thK6UY52uqwhj+6NsvCIBNQmbkgiiNIsbI1FmCy6UKcgXiaJ8t//bVSWUQKfIDEmsbteyMQkstg947bk62Nk8HGEZmU5HPAE/Ph2xSrs2FUIT2MDEbVmMDqdfNZOEDrSycc9kdQqqZadzbynFUzYT+ipCZzBTHQqVvpeXE3sVH66vxsnH6jdsqMFZCJi0S/0VkSaFZUjb8b4Hrnhkk1VqN3qA/ICHQCllm4aZkfPGlKaTV8mf5dU+FCyvVE+QxgzjKGmBXV8VwkZsxKTe+2s8WDTd5XAhISoITphNFdqbuwkiaA46w9ZL6M7o8cfGFyrDGkOqw46tQyk5KZupkcVhUKKutksFgtUGjWKSsuwYs0GNBYVA9SxnBXLGtf1sGuyXZuVS42JRCLyQUJRw0EiGa0QNDrJuCPG3Dcd1Y+YRHtKu2Q+JDoqHdC1JASI04vTgjA5cNh7LsWWn5uB2nH0ZIel+8MlPnuU/NuqJ/TDgE5nr8gGkJ9t6TJAbPsz0mpUGJ9NbmTvfn1RHBIApqFhhupjHAJRLhnfG9CWn2nBWIcRJQ1+aCxG+WR61z4k6a9EPfVamK1WVNc1YM26DSjetUeWbKNyEvSsRNnZC6+Nf4qGYpFdXvB7IAT94IxEkhKaKpDdXpKmYvcyZGKXfE2HDsaEntLUFZQy90bV40AQ+5CGouv1pdeEbin2u21afb2+AsKD10wonXN6goMtCKVEZJOyVdhVGYsc6VUPkw03VIe1ZWQgwEewfuNWQj9/gOAmel2GTXZOi2J7RnHsb9l0Q1RcOqgkGse728CEiGSkuqLWAFHFxqSi0HmQmK6UtX+NqINvf+Q7ScOUZHBppRNSfYxVxeI4B78dPjEbX+7wSWfmuG7rTwaeRJBIR81mM1Q6LXbs2YNVq9bAWd8kH7LNdnSO9ewrGnr7HKWo5EeMhMC3NIDRG8ASqQiNXk4xkUjDxP4HXrv1P8LDoO3ZqqmmmamEQ3CtEAmvUXcd+Y6/TdSiyiuJngaBjjJo84aG5O4T86yw6gSEwlGy2Jh2cLSfoyB0SUuAZzSa0Op2Y9XyFdi9cbN8tIZIREly9YNeIifCTiLOKBjpRkDzuxB9kVpQOdIXeuZQ5IWBoWhiAn3U6dDgCqPW6UUwGELcfEZ9fipODa9AQKIKH/y9iD7tCUVR2uQm0BMQJrpjPEMAzTlU1eKXA9oVEA5sU6sYuMMq+KlRbZB99lay005yqLG2NACjztReopqm3OA4DplZmQhGBXy3ai02bdwkAQEWq+T3Y4Ue9KUDStwtO53F3hS6OEUlfePdLWCIzkgpKgwWiZhKjn4xbtDoR0MF9cGNycWHa6vwv3WvEqFFfapcrEtEPyUbRJjTAQ7TwZ34oN9xWLG92o3pt75Oes+TcY9V/iXv6TQcAiJ57rxMpFrawzQDoQCNRoUWfwQtTh8MGcauqtgAa6QMjp2Vj9XFxQRQjBRvRZP/Wm1WcBoNdu4uxJr1G9FSU0MWvZ5sz3aZflGrZaIlcX8W0F770McvUMMP9S9GI+CdTWCDATAmKxiNNuZbRIKzn0WfOsYwvfeZ3JMGnwcC1I2h78xX6YZlwCF6kkQJ2GGaMZzpfKg4EhFlpyBlKIICwoHUCgmtYeEmdLTFHcGYjME1ztB2zPQczNxQjaIGH8aMyoDFZkF1TR1WrFyNksIi+ShOZobcoYTFIPbLeb+DyA/DyRSVWlER9BFd0UJoqp3sHxqCi0isn0KSgGim+733lycx7r4xavZPXw/q8WNhbcZeKKeg6IQD3qhOyBPlu6i6GYePs8XmVQ7vGjAZGAOQxPTI7zOPHI3KZU3wk5e3/LAaqzdsQrTFKYGPibkOxFSiRPHEvNSF4HWCCQfBGqwQjYSieoOy1KQOc1p7vlcqPBCWnfRvaRjALTsICmtcCXs2O8D37Lz7H0+k4T/eXo13XyPgi3jJzkz0nFyHDD5BSOHBY6UBFEMBKV8P6hugyc5AmGKvkYCxIF+O/OGjySVh/MgVlPr0ByQ40u6JiFQyGbWobBFR6woNWTcWzbQiWrSH6H0OOUcKLwwTIcFIrgu0kc2jrRbL/ngelv/lfBw5NwsoLgGayOam1vfAOsVYeUIFgCMYhLKSr9XqUE8AuK+qdch6csviH+Hcm88Cdu8jfEONlD9gysSXg2xQQm0dHnvgchw3ezxOmD0O65+8Dv+891QYdWRj27obCImEWmsUBCkg7MkwQSPwOZTUO4fk9vH23/sug34soaIVtfLxo5QEX4Ixh1oo1QRYu4owe9EM/PqSH3X66M8vOA47X7gBt123AGipg7ivQk5jyLIKkhQQdqAgrhNqNRxKm8ODvKA7/5lp0uOjZ28DPGQzcPpjEf8pFkIlJjgi6SmC2ibApsIHD12T9OPjsqx46vZzseRvF2H2LDsB7F6goU1OaRg7aMtIcamKgWZkgpCRD/ZQJ7mJAKCSgLCs0T2kUvnH86bioUd+BhQVAcFIbMTFJKAdoKmISzpGTLZPdDAHCqIWogd6m/DVm/dgcr6j18v+eP40bP/PLXjygbNRkK8D9pWR5xPkQAB2gGJPFRAOB0HYcV6PVp5tc4ewdk/dUCpZUrv/8pPx019Q/ZAAkTqN40VPOgkLIcn3mf4Zk9jvTscIE4tmEqosugJAcREe/dMVWHTYpD5f/vbzjsKuF6/HJefPIrSbALG8nmBaLYOx0wOmdhC1AsIBwQCRhkYDVhc54Q1Gkittg9he+d1PccMd5wI79hB6GpT9cvuTYP2crlDsxD5jIKc6YEMrUFeJJ/5zK+6+bNEBX9dIAPf2PRdiyb+uwonH5AGl+4BGQsGp4abdUipA8SGOMBAyggCziZ7vC2NDUX1ypW2QDDTx9u97L8Udv72ISIwKoNkTM9aIfUBMP9DRTteNDQUFSQUZG18rXnr2Jvzi4pMP6VY/nj8Z3z96Bf79wFmw6IhkLaQUVez9OZWG9DZriVFoyE6/qdQ5BPdO/vLff3EhXnr+VsBVS+hfFaFtWtmgMVA5QsWO5ILtk02tmQKRxDv2IjtHhTWf/gFXn3n0IZKFjrjVG85YiJLXb8cvrl5AJCwBYgl5TlarWFFHJAjBw2YxYk81jSX1Da462IsQu/qMo7D6kwcxeVomsG034A7KtHAAGbN0qFwKT9PI1sxde3D6OYdj+8cP4qipY5KpsgcBvw7KmWU24ombT8e3/7oSRxyWBewl+nALmQO1VtENR5YkZKHTqNBEFvkn66tSqmtHTx+PPZ/9EY8+fCkQIDrZtr0AVV2pG6O/I06koFYCPk8Y2LwNY8YY8MaLt+LL536JHIv5wER5j3uOVF6lG8BOnjMFG565AS89dC4ctih5zj0x45RaQV/6grDz4qFHiSxWC1bsboPLGxjabnVZ1xxZsHdffSY2vX03TjnjMKCRUFTqAG9xx+r5cYdAUxl5odMze3UtwJ4icLwbN95+Jna88xtcfuZRfaKxB/A4PXxQ/tTVpx+Bbc9ejZ+cPxNoIs9ZSn4ENuY7FQ96ftOhpV0Ad9eUYTQCy6BTo7o+gqXbarH42IlJp3TACVIvN5g3bTy+ef4ObNpVig9W7sELH69CU1EhWaB6wGQBzOS3RhPLIyN01F2PHy8SEp6Z/jMQArx+QnOJLsxGMPPo2bjpnPNwzomzUDDKccj9PaDxYjpGeJTdivcfvAxr9lbgwTfW4KuvdpFnI5R8FK0gFSWPJvZxRlIwl70Cws4UtJOoF2O6odWOJZubcPaRY2FISHGQSlM5f+YE6efun/4I7361Hu9/twclFS0orW8m0sMnSzUmRldFLmGRi3KJbnp6XS2CzbRh2owszJ12GM47fhouPmVBSpGto6cVYOmfCvDEEevw2OurUVtdDzEvW3bJCGIvdDw9dUlGHMDwope+Lf3v9nL3z1qDDHRq1ZBRCfqMKpUabn8YJ87NxPXH5g8jci1ia2E5iqtbsL3Kh9KaetQ3tcFDKStZsJyWg82RibwsK6aPy8GMfAMmjRmFqWNy90PnmEHp/f4AFIxGcM8rq/Hk+9uADGuSct5DIAH9PCZkYWfJC9fPViThQVJRRuxIEUhrFVKnvdZAw9gqce9v3sGUJ6/CiYdPGR6PRP6bO3W89LP4kBXSxKiVwQBjoqM++b10ZHNcWGAEqkrBmGeB0WrI3iK05xBlBjpjuGKY6e+NV/aG0eVFD6VqVCrk5Y9CiFC1T/73BT7/6GO07irBHc98hpHV4j4TMclrgyEFew8mvfHPb8sr0dUAxtNGGTXYWFFQsa91CRUQphAOYyfXMzMywBDdb+PmbXjj3Y+wl/yGVksUr8Ox+asdeO6TH4YFGe2/jyUCURz8/neql9jx+u1PfwxvJaHWRCcUo2Hw7lbwTgJGmjWcjVlPO31NsY6m7nKNpUW3mE3QGk3YW1KKFStXorm0EjASupObGzstwEPMysUtv30Vl546D3ajIXXwxhykIYI5gEuLzCBJFWa/7y1ZtxtP//kdYMoU2bDEcnJtjoAXCATA6o1QWWjqfp1c4yNedzHNRGJaSEI6QRoi9Rw52Wjz+rHkq2X48P2P0FxdJ2e0Nhllq5vEU6NyhR8yz9c9+m5qMcYBEJpDv2SFHvXP2//6HpkbO/UhtbtZpD2CUlFa+dvvljKGw9MKVogQjFKrNqdIwlRQ+9pdgWTiaFXerMxMRMlEr9u0Cd+vWAPe5QLsdqLom+Wcnu3JbOlZQ0bOGjZpLD789xI8Nmsc7orVy0u+YPurht/QgJjpb7AfsGBPfsOrHnkN+9aWAnNmANFQki8yUloQkWyaIs2LSqQjY84AqzXI4Xd8VAHhQK6l3lh/HIC0PruJSDi1Xo/isnKsWbcRtSX7yK5qAnJyZPB1ymwmdLqGSPNfjh2Pu3/7Gs4+ejqmj8npVDah02JIEZky3ExB8X+J6FTXBq9/vRGvPv45MH06mZb9ZD/g5JA7IUI+11oH1mABR35EjU62ovY1e90BZTIf4XRU3M8oijGrZy7R8XiGw+dLluKDt99FbXkFkJkNxmBMSFbbszSV6t3ROniiFuf/6t99NGoo7VBRWef24urfvAqMGgNGrwYjJNnc6AHkrhWmWDlQQfC6wDfXgvE6JQkiUdRuBVl7WFgCk5JH/oeNTiiVhQZlmTawOi1WrN2Al19/G7s3bQPMVqmgijS8gtiHLS/2XpTQ0omjUbS+DKf/8tnO86dgrt+21fhQNrk8OO7yh8B7yAaYR3T1aLTHYRa7GpKkOWHlzHWUjbpbINAKUwGPlPC5vWKvQkf7W5/o0P3MZiN0hH4W7SvF99+vRHNFFaGeROplOeRvdCohjeQ7XruFPoEsCUTnmDYJS1/9DvfOGINHbjin20JQ8Ng/s3np715G6RrCWBYeDkSCCc6SvnDEhFmInUsUQj6A/DAGMziTDaJa2ztFZUQFhAdCR8WYVNNq1VIhzfKqGmz4ahkKCQgRDstWTymGUjjwiyfsstJLNMB0zkw8+uf3kWE14u4uqf4UOB462briwZfw7RfbgXmzwERCyWHXexnibv9kaEk3+ietRhyiLg0TVCY7BCIthWgUw8WnmJqGGQI+WtjFmmlDmOxqK9euww+r1oJvc8nFVKjLgU9SLvmgtO9YwRO9huiIo3DPPS9j7pSxWDR3UhfIKQA82PbXN7/GG//4jADwcHnDE7oA7iCLgrZ/hRZApdWIiZ7IhsJgLBZwOqPslRL4kQ3C7pXWRUlDYJgeqtDSApbU4W4xQ6XRYtueQmzashWNZeWSw53JGyXXW+eFfuxhXD+k/kObJFlPW/wXvPv8L3DxSYcpANzv2HU1WnVmDb9/8X/408MfAofNBrRsTG3ogVkc9NFJJlYKjR4kCQBtRCpqjVKFKVFjkEu9iXwvu3731wZThg6oYYaPRlla+DJeMEVsj5zqbqWiDnetVousnGz4IxF88fUyfPnhJ2isrCHSL5NIKr0MwL6C6mAaoUnIJZJWY8HiW5/Gqt3l/bBCRhgmE8D1zAcr8Kd7XyEMI4+wF227riadwu9q/ey3Fc1JBhzB7wXf2gh424ikEeSU/UwyxCV3PfHRcHqAMCfTqtarGSJkwrGhZxImKQZMUS5xnZWVSbg8h2XLV+LFl9/Ajo1bABu1etrapeSgkOEwAWJBDqCz4bjz/4Dn/7e6f3fttGnx1FFMUpXgzic/wG13vQRMnQ5Y9TLTGMy+0QxvtNSbqxlCSy1YQlW5eDROfNknlYLkvVAQWZm2QVPVBvRG2ZmqNRZddHG4gVcZ9axECZiYlUqO9YQU60mr2JZUVkkAbC0h0odweqmKrSwi+6a39+cEEkmMHCIRoyJu+NXzUqDUNWcf0+vOOaIlYJc96q4n3sM//kIo6KSJYIgE7MpgBmX/ousrVo1YoBtrqAFsOG5F1RN9ka7HSOcQLEksEUg4WzBj7MRQWoDQwEQ/HW3XXbKt0ndcfOmKkt5HBI1WA6vFiqr6Bqz8YRXKaNktSiVGjZJiLLoeNh70ZU+BSOubO7W49vqnseGXFXjunss6eqLgsNvkhMmcLbrh71ixdAcwc7qkA4p8hxWGwRARiFg2cEpRmWBAirpREX2Rp9ZVaZ0JHZsr3TA0LI4YZylPCxBqdJbKvFzxFVOR/7gomQwVI1NPWsM9xHdYPQU/UaZtFjntnygceun2g19Hne9DnflWA9nRJ+NfTy9BU0MrXnnsZhg5tndRMAIBuKuyAZfd+S/sWEvW7tTJZGWJMRbDpgh3ZyQw0ogrnuiJTMgvlwXXG4hU5OTUIFRnbPUgp8CB44+Y+WFa6IRRRsCYfMuHE3N1fo/HT6inGY7cHGzfW4xXXn0TK5Z9JwXjMtThTncrasFKNV2LmrhpjfWpk/DBe5sx57zfY83uciito722ZD3mXPgn7NhaTyTgZJne8fGJjEkZRuwcTDFUTTqjqJLOLkZbG4CWenDREBgaiUND4DxeXHT81ODkPPtraQFCKmYzDJrWmWMtHxkNOjT5Avj4sy+x5NPP4WxqJm/GrJ6IDrmxo924l6wKNKUoVDGcNQmlha04ZvGf8fwHK7oZmUZaC5MN6taH38BPr/8nkSYGMJPHguGjGMpCvZ1mo9vUMB3R+VRfJOqPQOgp3yyf6Ic/TJiPCotPnPobZhBruw1ooqft1a3QqlUwGXUF1z3wRvmSzzeThyRSxWSSYwDjRpee/IZDNYu9RW1QykyTLDU04MijxuO/j16HWQWjejba9OISY3r4q5cPDpQtpcvt9n/Tt5Ztwj1/eQtVpS5gbL4U7MDEjheJBz2+A6RWdAJh/BhODIhSyCMvZybfU4ZFlx8jfPHINVyFJ4iJZt3wl4SBoA9tHifRAyMVi44Y9TSiZPEarXKwbTsA0eE3TAWBIu5nhqnBxmYmeuIEbFhbifmX/xX/ePVrCL0uazE1n+cgWmWzE7/+27u4/JbnUFUdIjR9AqDlpPN9fXpSceAfV+zt3ZhVvsNnyMip+Vtc0I/S4fdX/eguV4SHzx8ZvH1/QCVhvad99c7JNeHKh9/a9/qjn0zEwjkx/U/sl/ClwZeQsT+oL4pWV6quxfSFY/G7W87FZYuOOAC5g4H3eOzn+j2+neSNP7/4Bf7y4hL4K8gzTyqQdeXIMD9cSy3yQfIMZSV47j+/eOP/Tp9/xfbKNsmneNQY+/AH4e5GuQgLjQXNsOoRCkUWXnDr39du3VgNjB+bcDq66+n1FEQiwyRPNCTpFuSnvA4IeXHppcfixouOw0nzp/ULSAZDUO7v9i99ugrPvr8SG7/aCeTnATl22fk+3Eti00zmNBX/3mL85OrjG/77x2tz65pcCBG2QwNLZudnDn8Q7mnytP87yosoyLUgEo6ctvDiPy0tWU1TG5CFqo75ZjonmEx1Udj9LerkDZOFWUnAqI7ijB/NxK+vPQs/mjf5gCRjv2PyEC74wkcr8dw732Hzqn2AJQMYnS3PU5Qfxrao2IBQmwStTbKnCBdce5L37UdvOqze6Sl1ef1SyhTaZuY50guEkrpPwJaXZcG2ktqrHvrbuw99s7pwNPQWwGGXlHpRFJC6s9sbCONHqhiZ3oQIGCtqAROD808/EhefMhunHDUNOdQXOoSCURbkHbG8SeesrBpfrd+HN5ZswoZl2wED6fPYXBl8iYa04VqUXgr2JiCrayJA5HHZGYdt+eOvLr7SZjbsqm1sBZfgA05LENK0vAF/ACaLBSKn0b72zpL/PfafT08NNpGddQwN8tXJDvJUBmFPWIzno4llABBpOWxq8q5tIc/khaXAhivPPQE/O3ch5k/KS7FnE/DF+mL8+90V+PS7jUTPJf0226SIIYYsSpZQTz7Vdfa+NCr92rwEgPXIn2rDH391+eMnHjPnDrfLCa2ajQkBpD8Io+Ew3EQRbvPyZIO1obqp6ea33lt+56ufrZ+IIPnY6FGdd91Uw2EylTVm4ZUNbp2d0gzDyhne6FnINieR+mYcN2s0jjl8Ek6eW4D5MwvgsFoHXTYWV9Vg9Y4qrN9Wge92lGLPHkKjXSEpCa+0GdLxj62NduzFLPxSbtDhJA1pIAg1IFXUQJOlw51XLfr+/DOP/Bsjaj6va3Eh08QRMmYiH4mOHBB6Qjwa24IShZsycRSy7VrVD+uK/vGbh1++fffmGqL4E/qTaSMUlacRf53ZYPvv1PQtJi7YToBlY57jAJH0zQSQfh+gCcNBnv+kORNw1JEzcMr8CRiXZYTVbO33Lta0tGBvnQ/f/rAdq7cWY+WOEvD1pA9RjexyyTCD0cphXfszuMh7zjAAIdXt6DnD2kaywTTj7PMXBO+6+cI/HDkt/5F9dU7sLmmEwaAhIFQhy2YceSBscobIKwLMZh3UnAbjiVRs8bgWvve/1b965o3vL2mpIgs1P59WDOmcYzI++QnBD/ITxGMUhwFfYmKApPuLi9CjxhbZ3G/VINdhxJyJBci36TAqNxNjRmUhJ8sMh4EhH2FhzciAio0Fwsc3erLYImHCLtra4CJMstkroLq+FbUNLahvcqK43oVdRNfzOWnawIC8OHMccjYBFjHf2XDmmfHQmAT2RN1HTjK2tXWYOm8cbrvylL9dfNax//QHItWNhJWEQ2E0tvqhIRvPiAehxaIni0pNXg/BZlEjJycTuwqrr332v5/+/oOPNoyF2giMzZPAxwo8hAPmisMAkDR4gVpWw+TpyOKA201+R+Scm7Q6ilSFmpcsyZZMAkKV7PYRY0fAaSqQYCgKb2ubnNaPmt2pah2NuVVohmsapUSd6joNGCKVxWj6JM/txEHo4ATJw5dVEemuwc8vO271ZYtPv29cbsZyp9ON+lYfTEYtgsEgGloUEHYCIc2KzbBRhHmOSEYGZpPWvGNH6Z0vf7D8/q+/2amCLYNQVLsc7Z6gq3RipMN0M5f1RqGLBS9WgTf+E6/IGwyiW1oJqXovBZi242U2RoHj/k1R2L+Vd9g0trPUo88juRXIT3UD2bTCuP4nx5SddfpRfxk/YdQLHk+IusYI49bB5QtDr1OnFAhTLtETSxZOU4sHHq/Pc9apcx88YeH0N598+bNn/v3eqlPde0pkw42VSMdIuGt1egxX51W3jTCRHlIgtR8EJ//WGuS3kkbI9XSdZDlghnGLRVrJuikjn35odgItzZg0w4FfXnvxf2+54Phry8hGv2F3GawmI4yEAaSs0TY19WkiI8lAF5Y307ygRRede8KiMxcdffZnX6x9/B+vfz8J9ARGQX4s4oFHapyROaRV1YuYFNpFvRRTFANaB976ogunWS4OOiYUfDRAIkjoe1U1MsdacOt1F355zllH3WtQq7bvqXOhyeWX/H4Mk9prI6UzcFODQygSRXFZPWxWy//+fsdFUz999rbn5s/NBsorQTRryfeTmL0mbdSbHpqQ7gDr06qVU+KLNU1AfR3OOnMm//o/brn0/y5ZdGaUZ7aXEkoq5S5ih8eqYIfDeqS7WXObG7safMLRh0+55cV/3jHxD/df/MmYHEIxCkshBsKyczxdkJiIK5Hp5e39FP1k0k0CyqfjJYd7USmmTTThpadueuilJ34+zmw0vLOjsAr+QFAuLjrMNNxhMv7yYqyso2Z3d+lPFy86f+mr91194QXzquAm9LSinpZakiyNycqBpefR2/2ATEyjJ6bgCxEeUFoNnejDPb84a+3HL9x1wvELZv6uttFT3dTqkazEw9XMNLw6TChGOEwpah00au6VP9//symf//fXd5x4bAGwb59EUUWqK7CJhQyHjQdRaV33F4l6quTA+NpKXHPF0f4Vbz9w6e03XHh0KBxZWVLViCjPDxvqmRYgjLMSOugtTi/Kq5uDc2dOfPzVx29fcN9d536Qn6MlE1YNeENSXTslLdowUDiYHor30MO2NLqopAxzZueE//XPG196/PdXzs11ZLxTUtEAtycw7Khnsjasa9bTzG1UAa+obYVRz2646IJTLjrtlGPm/2/JD//62/NLj0ALmcTROZBCTLpl744TVL7jdL/ShkbkdaUoNNrFGwT27oVjcgZ+c8fF3y5ccPjVObmZVRUNbfB75JMgqW71TGtJmIyiBkMRlFY2IBjmN/36hguO/PDftz+9YMGoVlSWyVZUtabLjptQS0EBYIpMJCe7HYjeB3cLLr1sQdkn/7nz+p9eetopROerKiPUkxfEYU090xaEiWCkhzJLKutxxJxJtz/78E0znnnk6ndzaZaCbXvJ7hqOgbGPhg2lDZ5+QRMtNbUBRSU4Yv4ovPLYtY/885GbJxDq+cK2vRWIRPm0A19a0NGeKCptZdWNCAhcw5k/Pu6SiRNHv/HO+98+8vrXO6dHSlqAMaN6oKhKGyQtsCPcmp7x8xPqWVONnAILrvzp6Uuvuersu8MhfntRaTO0nADVMK7CO+IkYWKTThZEotheWAGzUf/pU3+6dsZn//r5vccdO5oglFBUAlKwGon+0BR/rIKNQdQCRQgUWLQeREkNURdqcOnF83wfP3/nWTdefe7pbU7vdrqJykIy/VWFtF97ahUHp9uH3RUuTBk3+tG3nrpz3gP3XfzstMmZZAHsk44SSWWWe9mxldaDQSV+wrc3kZeUeupkPb26EscePc775CPX/uWvv7t2vFmv/WL3vhpJv+e4kbMtqkbCQ8qWNMJ4GtqQYVFtOfuME249Z9ExL7z10ZKP/v7y9wUoIhR1LJGQGq6dojIHUE195JLK/XxC7KJ5U+rpCQCVpbCOteFP917y2aknH32jLyLUlVY1ghWFtHA5KJJwP4abYDiC4rJaBAKhLff94pIpH//njgd//OOZjZQSycl/NLFUMfE0FQoMe8Wg2AdgUmDR42rlNWBCTlz9sxP3fvbyfbdfvfiUc2tqm+oqapqk8R4J1HPEgzBRX/T6QygsbQjPnjrhD39/4Lopzz50+dMF+YQm7d4L+IJEKmoRd18otDQ5G+1OE+IUNcYiqB9XRcax0UXGdQ+OOWoM3v/nTfc9ev/V0/Mctqf3ljchHBXS1uqp0NE+UVSGUNRWtLS5XaedvOD2BfNmfP/vl7+4+vWvtp4dKCYUtWCMdKpdpAeJFRj2EZzxE+7U4e4HqkoxaW4BLr/poucXX3Dyf8iAbty9rxY6vZawfzZ5BWtFEo6wAYhF3ZRVNUClUn9w6/UXnPPhkzfdf/LJkwMoLSYUtVk2JLCsslr6Ih5poLVAdq6SKsnh/n//d0ztm0/ceu5PLzvjBqfbv7Gytimtol0UEParvsjC5Qlg774aFIzN+8vf/3jTpKceveZPc+fkAlt3yAYFSq2U1k01lFOuMvL4NNATLWU47dSpnreeuvlXD/32+km8wHy2p6Qa4Uh0RFk9FTp6UBRVNt7UEooaFrjaU085+vdnnDLvq6de+Oidp97fmCdQikqTFNMMcFKSYmU3l8xX1JhFN6maSmQUmHH/3ZcuP+v0Yy8TRaaurLIRoVBwRFo9FUl4iFKR5wXs2FtBFg/3w2N3Xznhlb9ed925Zx9Wj/pKouc0kA9pO8eiMr1IiWG7K4mdf3d9VglYRPcrIeMUbMMN152468tX7j3v6ssWnVRR2VhXWdPcTvmVpoDw4GiCioPbG0BhXWtoTH72i3+5/6qp//nrNe8VjDYChUWAKyBLASRXF4f9GUaxyybDJBSzoYHW1OpZVYGjjhqH5/981R2/vvWiWVk286dFZU2IKFZPBYT9R1FlI0J9swuFpdXuC84+ZvG3bz+w6Pf3XbDBrA1JAcdStW+W61EiDn/OyXQk06Lgo2c1i4sxNl+Df/5x8X/eeOaumdOnT358255ytDh9EpNQhJ8Cwv4fKIaR0n4WlzfTEuDf3HHDOQs+ePq22xb9eIYXTfVALaVeXIyipZ/mJ1k9eVaq58CFXIR6Ltr3/pO/uOj8M4+9sbnVs7uO6NGcAj4FhAMuFSE7+p3uAHYV1yE31/HMf5/41di3n7zpvrlzHMC+QqDNL+XBTIeBlXMQ0+RKWtlVs28Pzjt3jvuLF+/42e/vuHwyw6k/KCqvk6yeCvU8BLVHGYKDW5yUcjW2uBAIRdoWHjHz4XfnTtrw3GtfPPjsG6uODe5rhdBuRY1KC1kchrUepGgXt49I+XLkT83Fr+655usLzzvxp+GwUF9W0YxgRLF6KiBMAYpKragVNbS6j/abW6658Jsfn3zEJS+/9c0Tb32wJhdqg1ReWqQpNIYTCOkxI6rn7i4CbBr89p7z1pxx2tF3jx3l+IEemKaFm9T0CJjCPRU6mjKDSKSBLxBEaUU9srMy3nn0t1dNfe6Rq16aMtEuorSUSBO/dKI/5ZdsPKV8fQtQVY5TT5vhfufJW/5+63XnHsMx7A9F5Q3gBcXqqUjClF2/8nGpBkJR3S63+9hj519zxPyZjy/7bv3zDzz3+cLQliqIkyeBMakhRrpURGov9zaANf96rTAM+ZSDk2wWlUUYP3cM7rvxwvcuO/e461v9cG3dVU5opxoajYaAUMlGoIBwGFBUyjxLiFR02Iw7rr7ktKNGj825ccmyrXe+8fX2yWJDSD67SOspEKki64vx6krMwGGvJzZMXSu0JBuRfLY8Cy657YyNi8877p5ZU8Z8W9viRUNrgLBTTokNUujo8Gs0RtIXDGPL7jJMmzLx3689dM2UD/5x/d+P/H/2zjakqTCK42fS5nKSzhKdmArLlSK+1DRLQZBMjTLzLbOiKFFKxUgjIrKgRKTsiwlpSX4qySKFSMnqQ4b0YqWiqfPd1KlzvszpNt3u7T67C6OQEiVKz+/LPt19uOO/8z/nPM85UieArk6A0an5CXCLvZ2+CAFyFvbQ7FDdryPGS7aRe700lbdPJ+ZcSPClOdxXbZ0DK3q4EopwtVhUYE/dKJQT0DCgAqmPe+bdvJQdZ9MjquysOcZGPz1Ls3nYAj/IUu4Uk0cp+HFOC81GYHLKR8VE5O4ucJMI4ca1o/fyLp8Ur7fdUNwsk4N6WosHrdGOrsx8sV+uBLVG8zbxUFg4k29F3yyqyH9Q+loEXEsAZ0fjNl6Kon4R0pKhTLNgiNjJPgcyW0dgBhcz939IPLw7Q6eja8hEawtzM8adcrHhjpFwBb9sskdjTg9tXYPAW8t/nHvphKQ4P6XAbzvZo9EOMDHNWlRY3sPfZKiZ8ZoRWSUm74XIA759ZQXpWelJ+/ymtfqajp4h4z5ItJ4owlWVLyrHpqCjW64ODvJLfVKU4ZGdFVMroKfY3pyWApq7BujlmG9DRD2pBWhoArGzJdwvSC4vyE52F7s4XW3rUjDWU4PWE+3o6o2KBgMN3X1DYLPOvDnl+J4AsXhjfNXzutSSqk8BMEqz24jJaI1FNfpN9VDScJ9jPlvbQSSxh/i4iEexEYFFPq6i6neyYVCrtCC0EWDDHSMhQhr9Gt0cdPYrQSi0Kb1y7kjgyztpt7y9HQAamwGUaraHZ8b5TSHVtN2ItBwoU9WztwPCwj1VlYVnElOTomIZzVfLBieYvBOtJ0ZC5KfCDVu8UY6roGV2FoK3StKKr58qKX/65nzZi/rY1s9MvsizANpKAGBpyQqNJgUcUxGHCMpAsRtsxxlLy6cgwH+zOjp0W2FIkDSXzzNXNMt6gcvYTiH5DgRFiCwkRjY6dQ5Pgt5AfzyWEBrnL93k3fhlIOdZbUuYbGgKRmf0jI3Vs8L7jsFg3FIrcrQGryBXbchOtwpPd+c0kZ2dYkCuAEaE7DUjfMUoQuQPCzeMYGY0MzDGREYeX1B/MCo41cPNJephTbtbWXUdGLQ6AHPe/ANM9BQIrSAmVDoXv2vLe1sH+6qm1h6Frn8EOKTqyUf5/dN/vv/jFRsEWVF1AXwFCIIiRBAUIYIgKEIEQREiCIIiRBAUIYIgf59vAgwAXVWrusI5yhgAAAAASUVORK5CYII=', 'C++');
insert into category (category_id, description, imagebase64, name) values (3, 'C# (pronounced as see sharp) is a multi-paradigm programming language encompassing strong typing, imperative, declarative, functional, generic, object-oriented (class-based), and component-oriented programming disciplines.', 'data:image/png;base64,iVBORw0KGgoAAAANSUhEUgAAAOEAAADhCAYAAAA+s9J6AAAAGXRFWHRTb2Z0d2FyZQBBZG9iZSBJbWFnZVJlYWR5ccllPAAAA3hpVFh0WE1MOmNvbS5hZG9iZS54bXAAAAAAADw/eHBhY2tldCBiZWdpbj0i77u/IiBpZD0iVzVNME1wQ2VoaUh6cmVTek5UY3prYzlkIj8+IDx4OnhtcG1ldGEgeG1sbnM6eD0iYWRvYmU6bnM6bWV0YS8iIHg6eG1wdGs9IkFkb2JlIFhNUCBDb3JlIDUuNS1jMDIxIDc5LjE1NDkxMSwgMjAxMy8xMC8yOS0xMTo0NzoxNiAgICAgICAgIj4gPHJkZjpSREYgeG1sbnM6cmRmPSJodHRwOi8vd3d3LnczLm9yZy8xOTk5LzAyLzIyLXJkZi1zeW50YXgtbnMjIj4gPHJkZjpEZXNjcmlwdGlvbiByZGY6YWJvdXQ9IiIgeG1sbnM6eG1wTU09Imh0dHA6Ly9ucy5hZG9iZS5jb20veGFwLzEuMC9tbS8iIHhtbG5zOnN0UmVmPSJodHRwOi8vbnMuYWRvYmUuY29tL3hhcC8xLjAvc1R5cGUvUmVzb3VyY2VSZWYjIiB4bWxuczp4bXA9Imh0dHA6Ly9ucy5hZG9iZS5jb20veGFwLzEuMC8iIHhtcE1NOk9yaWdpbmFsRG9jdW1lbnRJRD0ieG1wLmRpZDo1MzM0NmVmNC1jMTFlLWNlNGEtOTFkOC1kOGI0Y2M3ZjIwZjgiIHhtcE1NOkRvY3VtZW50SUQ9InhtcC5kaWQ6QjVGNDdBRTY3QzFFMTFFN0JFQkNBQUQ0NkFGRUQzMkQiIHhtcE1NOkluc3RhbmNlSUQ9InhtcC5paWQ6QjVGNDdBRTU3QzFFMTFFN0JFQkNBQUQ0NkFGRUQzMkQiIHhtcDpDcmVhdG9yVG9vbD0iQWRvYmUgUGhvdG9zaG9wIENDIDIwMTUuNSAoV2luZG93cykiPiA8eG1wTU06RGVyaXZlZEZyb20gc3RSZWY6aW5zdGFuY2VJRD0ieG1wLmlpZDo1MzM0NmVmNC1jMTFlLWNlNGEtOTFkOC1kOGI0Y2M3ZjIwZjgiIHN0UmVmOmRvY3VtZW50SUQ9InhtcC5kaWQ6NTMzNDZlZjQtYzExZS1jZTRhLTkxZDgtZDhiNGNjN2YyMGY4Ii8+IDwvcmRmOkRlc2NyaXB0aW9uPiA8L3JkZjpSREY+IDwveDp4bXBtZXRhPiA8P3hwYWNrZXQgZW5kPSJyIj8+uUbQ8AAATfJJREFUeNrsfQd8VFXa/jN9MplJD4QEQkIL0iH03kGKgDRBRWkWVmVtn+X/6brrfiKu4mLBggK6CtKkSi9LJ5RQQg2EFJKQXqb3+Z9zZgYiJMCFJFNy35/zGzPM3Jl773nO259X4HA4wAsvvHhOhPwl4IUXHoS88MKDkBdeeOFByAsvPAh54YUXz4j4YT4sEAj4K+h5oTeBD3F7WB4myyDmL5/PAQ4u0AkrAaH9tvfw4u+akJdaAZ3gNtfB/WwjD1GF99K/pRXAWNkzLzwIeeHgqwtcz0KXVrO4QCcQCoXykJAQGXmWEjOIeAUCh91uN5eVlZnIs7ECKCWu49grPHgNyYOQl3toPbHr4QahqHv37g3btWvXzGw2i/REevTo0WzEiBFDqeaz2WxWkUhE32/esmXLjiNHjlxVEJFIJbaUlJSrR48czXQB0uoCpd31Nw9Ib7nxD+NQ8oGZahOR60FBZyUaLmDAgAEtnn322WHBwcFRrVu3fqRJkybdXECiDxV5yCs5DtWCGjeQMzMzT546dSpp586dR/bu3XshKyurSKfTGVzgqwhGXh5SHqr8k374QR+8VIvZKXEBSlK/fv16b7zxxuOrVq36UKPRJDuqT0rVanXSypUr3+vTp0/bCiCWu76fl2oA4QPjiAehx0xPuvgV5BFAHsH9+vVrv27dunnkuuodNSgEjGd/+eWX/zdo8KBO9HvJQ+kCo7hCEIgXHoR+DT662GkUU058uZD+/ft3+PXXX98pLy8/7ahFIWA889tvv73dsmXLePfvIQ8Z/hxx5YUHod+ZnjL3YicADJ4/f/4zFoslxeFBSU5O/u25554bplQqI1y/L8AFSr6aigeh3/l91PRURkRENHhxzosjjx8/vsRut5c+DICsVrvDbLax54cR8jsK6e+ZM2fOyPCI8CgXEHl/sZZAyEdHa970dJt3gqlTp3Z5/fXXp3fq1GkE+bse1wOWZJYg72IeClLzUZ6vhkVnhsVkgVQmRkBQAALrqVC/ZRRi2jeCKjLwQX5z0apVq7587733fk5NTS2sEEW1gE9p1Fh0lAdhzYBPWEGLCNq0adNw1qxZA2bMmPGqSqVqyeVgNqsdaQfTkLrnMm6cyYauREtvGoRiIYRCIfsmtqNaHbDbbBCIRQiKCkFMh0ZoNbINYtpGc15PJSUlh5YvX/7LF198se3KlSs5rs3EBj6lwYPQR8DnzveJ23doHzNr5qxBEyZMmBwVFdUTHIsjso5n4dh/juBGSg7sVhukCinEUgkEoqqvu52A1kq0o1lvhlQpR5M+zdH5ya6IiA/nej72pKSkXz6e//G327ZuSzUajQbX6+5cJQ9GHoReB0CJC4AOiUQiGzNmTLt58+a91qxZs7FcD1Z8vRQnlx/HlV0XYTOaERAaCKFIyOlG03tjM9tgKNdDEapA68fao/2ERASGBnD6LVarNWPnzp2rlyxZsmnz5s3nXWC0V9CMvInKg9Dj4HNXu4gI+OSjR49OePHFF8cPGjRoErk+jbgczGSwIHnlCaT8fgr6Ii0CQhQQE3/vYYNgFnJcY7kBIfER6PJUd7Qa3oqAmvO9yyX+4sKXX37554KCgrIK4LO6wMiDkAdhrUvFGk9Hq1atohcsWDB7wIABU6RSaWOuB7u4/SJO/nYchal5kBGzUxYoqz4Vw0q4HTBqjLBZ7GjUuTE6Te6MuO7xnPF8+fLlLStWrFi9bNmy/ZmZmWUVAjd1uh6VB2HtirCi6RkXFxc5derUHtOmTXs6ISFhBDhWneSk5OLkf44i81g6C7TIg+Rw1FSbLjmuw0bAqDYQTShC8yGtmL8Y1iiE65F0aWlpu7799tufFi5cuMdisRhc18VeV/1FHoS1J27w2cPCwoJeeumlgc8+++yT8fHxQ+DMrd23aAq0SPpPEi5tSSF+n4X4fQoW8awtsVls0BXroIhQot3YDug0tQvkCik3tWix5K1du/ZrIusPHjyY4QKgoIJmdPAg5EFYnX6f2/wU9evXL27uX+dOHjd23Fw4k/D37/dpTDi7/jTOrDsNbYEacpUMErnUI8UP9MRoFNVsMCOsSSQ6T+mKhCGPcPYXNRpNyqZNm35bsnTJtt27dl9xgdBRl4I3PAhrTkQV/D57y5YtY/72t79NHjFixJSgoKB2XA92aXcqkpcnofByHiQKCaTE7/OW5UkDN3biN8YkNkaPmb0Q3boB52OUl5cnvf/++x8tXbr0EAGm3gU+d0OynQchD0Kufp+72sWuVCpVxO9LfOGFF6Z37NhxMteD5aTk4Ph/jiHj8FWIiMkpDw6AQCjwKv1A7yXNRerL9BDJJGj5aBt0ebIbgqNUXA9VduLEid9//PHH1b/88stJrVarx62mYru/gpEHYfWCz51yEIRHhAdPnjQ5cfr06eMTExNHk/ON4HKw0uwyovmOI3X3RWby0dIykUTk1XW39J5ayG81ak1Q1g9G+8c7osOEjpDIOJMwlJw+fXr9W2+9tWjHjh0X3GvVBUgLD0IehHfz+5gZ2qJFi8gPP/xw2qRJk14mf3MCH/Wzzqw/i5T1p6DOLkFASGC15Ptq94IIyHmYYNKZEN02Bh2f6Irm/ZtzPk5OTs6RNWvW/Ew04+6UlJRc+Gk9Kg/Ch/f73AAUtm3btsHs2bMHEvPzqfDw8F7gmHKgdZ5Hlx5GwYVcyJQyp9/nq8ygFVIadvIc26Mpuj/TAw1aR3Feo5XUo4oq+IsOHoR1E4TufB/LC4hEItkHH3wwgvh9cyIiIrqBY53njUv5OP7TUWQeSWNrSk5MT1bj6Qf7PCuBs1ihL9VDRs7rkWGtkDilK1T1OfuLt9ejmlza0Ozr/iIPwgczPVlSTCaTSUeNGtV2xowZjw0dOvQZsVgcyeVgmiItTq89hXMbTsNENEYgrfMUi/yy35Leb1ocTiOpqugQtJ/YGe1Gt4MkgJu/SOtR9+7du2bevHm/kufzFbSiz6Y0eBDeP/jcUU960uLHHnuszSuvvDJp4MCBE8m5xHLa0m12nN14Did/OwZ1ZjHx+wIgDpDUmfS0SWtiwaaoVjHo8nQ3NOvbjPMxsrKy9n3//fdfLV269Ghubm4RbnGk+lxKgwfh/YHPbXoKGjVqFEY0X9+5c+e+Hhoa2pHrATOOpLM6z6wTmZDKxcT3k9+i6K0rQu69g2xE1F+kdXbxPZui49QuD9K/aEhNTd2+fMXyNQSM+7Mys4oraEWfKYHjQXh3v8/d3yeKj4+ndZ7dp02b9kSLFi1oqRmn9vPCtCKcWH4c1/57mTXQBgQryJGp31d3u3mYv2glYCzTQ6qSo+WItkic1Amqepz9RdORI0eWvvnmm4uOHj2aabPZTK775u5fdPAg9C0Quv0+ievmCYYNG/bIokWL3mrSpMlY3JrZcF9Cuw9OLD+BcxvPwFCqhYL4fSKpiO+ku93XM1qgLzMgtHEYyy+2H58IkZjbGtHr9SkbN278jdyrTQcOHMisAEKv7tLgQXgn+ESu/5cMGjyo+fRnpw8fPXr0k0FBQa24HMxisuHitvM4vfIESoiVJA+UQUL8Ph57d7n6Dqe/aDVYENWuIRKf7IqmPZs4K4S4gfHCypUrF7/99tsrCwoKSm8d/WZxOA9CLwSh2+9jMx1UKpVi+vTpvf7xj3+8Gxwc3I3rwTJPZOHEr0nIPpkJsUQEmUrOg4wjGPWlOtYyFderKbrN6InI+AiuR9IlJSWtWbJkyW9r1qxJLikp0br3R3gZ301dB6F7chGr9VQqlYqnnnoqcebMmRM7d+78OHmNU7NccXoxjv/nKFJ3X2K+XkBwgN+mHGoDjJRig/mLIQq0G9sJnYi/GBDMeUMrO3ny5LrFixev/OGHHw67/EUBvCilUZdBKKlgemLo0KGt5s+fP6dDhw7U7wvjZP6UGnBy9Ulc2HQGxlI9a64VyyQ8+KpJLHozTOQREhuOjlM6o93ItpxNVLvdnv3d9999SvzFLedSzuVVAKDH+xfrGgjvSDm0bds2mmg+ymo2LSYmpgenG2tz4MK2czi9KhlFV/OZ2SkNkPLgqyl/UWOElWjHRl3j0WlKF8R1juV6JFtOTs6BtWvXrqL1qGfPnr2BW3lFm6f8xboEwopdDtbmzZvHvPLKK8NpnWdYWBjnOs/ss7k48t1+5J7OglgugVQp87oWI38EI61HNRATlaZ3Wgxuhe7TeyAkhjPFBm0m3v/mm29+9N133x1yAdFjKY26AEK3z8fqo+RyecDwR4e3ePutt1/o1q3bU+A4N6E4s4T4fUlI258Km8ECeUiAk1qCB1/tYZEsHavJCgMtgYsMQqvR7dBhIvEXg7j5i0aj8fq+/ftWE624ftPGTW5KRgdupTUcPAgf3oi5OUCTgm/UqFGtZ8yYMXrIkCETxWJxHJeDmbRmnNl4BmdWnXBSCgYrWL6PNz09CUYBa/0yaY2IaBHFTNSEgQms+ZmjXPv000/nff7551tyc3NLK4CvVlIa/grCiv19gnr16oV8+eWXtL+P8rpwqo2iZ3h592WcINqPUQoGSp0tRrx4j79IKRnVxF+klIyJseg2vScadmjI9UiGa9eu7Vy2bNmvS5YsOUx8xzLcKn+r0ZSGP4GwIpU8C7w0btw45Nlnn+07ZcqUiS5KQU6TgrLP5ODkimPIOHINQuKDyFVyCETCOl1q5s1akbLA0XpUykDQjFIyTumK8MahXA9lJGDc/vHHH3+zePHiAxW0orur38GDsGoAuv0+m0QiCZg7d+7AF1544ZmmTZsOBsc6T3W+Bsd/PYbLOy7AqjMyKnkefL4DRqvZysCoJP5im7Ht0X5cR8ZMx0XKy8tTN2/evJQAcdvBgwev2Ww2d8Cm2lMavg7CitqPgbB3796xf/nLX8aOHz/+LwSMnNq4afj7zO+ncGZNMsqyS1idJ8338VEXHzRRHS5KRo0R4c3qoSPRim1GtOZ8KFqPSsC4csGCBWuTkpKu3Tp69dWj+jII3WYnuyjE7wslJsRkIrMVCgWnOk8H8Sku//cKkonpWXjxBks5UHoJn6WW4OUmGOm9NRF/0UaeGyXGsf7FRh05+4vIyMjYMe/jeZ+vXbv2THFRcRluVd24TVRHXQJhRb8PYWFhygkTJnSaMWPGE926dZvA1fTMv5SPYz8fRebRa+Ri2J0tRrz4n2a0ORjFhoRsrgnEX+wytStU3CkZC44dO7Z5yZIlq9esWXO6uLhYXUEjPnB+0ddA6Pb77JTXZdasWT1nz549OTExcRw41nlqCrU48csxXNh8FlY2QkwBoYRvMfJvf5GoLaMVhlIdAusFocMTXdBhfAdIZZwne2uJn/gDcXsWnT17Ngu32rIfKKXhKyB0l5qxes82bdtE0hnpzz/3/BtCoZCTbWE2WpCy/izOrjuF8pwSyJVySPhSszontGXKQtZCVOsYJE7pgmb9m4OrWrhx48ZBohFX/Ljkx91nTp/JwQOmNHwBhG7t5yCmp+q9994bN2nSpCejo6N749ZM9/uSK8TvO/XbMeSm5LDxYVIFHSHGg6/Omqh2SuGvJ08CxPdpji5PdUVUQn3Oh7p69er6d999d8GGDRvOmc1mI25x3dyXr+jtIJS6ACgYPXr0I6+++urTAwYMeI78zak+KT+1AEeXHUH6/lQnlbwfUQreeUddc+jtdlZgTgMTlKKePZMHTWxXdt9o3St90HworcukvXx0uItAKHT+G71ffji5wJ1fpP2LMlUAWo9qi0TiLwaGcY4NVByEqq7gJ94zneHNIJS6Hrbnn3++92efffZJYGBgB65+H51ee2nreTb6mfb3iaVivzM9KcAotyetp6QLiiCJpVbkgVJmaktUcleljxRiuZQ1GrtHaLM5EgSwNJzPKAl15JmG9tVGVg5Gj0lTNwKyjmgSnLKBU9/Z74rVKYU/LYEj5x0SF4624zqi3WPtIJFzomS0Xrt2bcv8+fO/+v777w+69K35XkD0VhBS349mV60zZszovnDhwi+USmXb+z02db4vbDuP5BXHoc4pZS1GNO3gL8l2et0ZOIhPQ7UdBQYNLIVEhyA4JhSqhiEIbUSew5Vs45GqnNQaFHx3V6IOWCiQTTaYyo3QFGigLdFBna9GWUYxSrJKoC3SwlRmYKCnVoWEXFcR2dj8RkvSelSy+dA11KBtQ2aixvdswi1qo9WmzJ0795UlS5YcdS/JuwVsvBGEQpcGFMycObPboq8XfS2VSe8775dxIhNHFh/CjbPXnaOjKaWgwH+AR3drylAWSABG5wJGtYxCVOsGiGxWD8ENgmr0XK3ke0syS1B0tRB5l26g4PwNxp9jKjewoS8S4mMzLenr19vdMlWqZ6BsQvzFbjN7IbJJ+P0Hfkym88Q0nbt48eJjLm1YJR+qt4Hw5jjpF154odenRIgJel+z/BilINF8aXsusgvIRoj5eKkZMxVtdhbJY8CLCES9FlFo1DkWsZ3jEBYbyrnDvDrFQszUgsv5yD6Zheuns1B0pYAxbEtd/ZW+XuzgLoGjrow8JBCtR7RlLVOqSOX9uUMazdEJEya8sGPHjosu09TkCyBkAGzUqFHonj17vm7WrNm4ex3HqDHhzNpknF13GvpiLWOzFkl83++jWo/6ZPRcqJZrMiAB8d3jEU78FW/UNFbii+ZfzMe1I2lIP5SGssxi5kdSV8DX7wcDIzH9DRojM/M7TuqCNsRfvJ+pxOvWrZs3ffr0BeXl5TqXNrR6MwjZjAfi+8mJCp/9xBNP/B/uMVgl/fA1HPh6H9mB8xn4JBznpnsn+CxsLLaYmHax3eLRdkQb1p7DuEp9REw6M1L3XMIl4pfnns1h6pD1X1LSK19Vja6WKWqV0PsT17sZ+v91ELNG7qUQ//73v8/+4IMPNrrsAtPt9oG3gFDg0oLiKVOmdFm+fPlP5P8b3+3zySuTcfi7fSwU72Sz9l3T5+bkojI98WED0LR/AtqSnbZBqyif3lAcxAO6djgNZ9efRjbx1alrQN0Ed2TWZ+8VnUpM/EVlhBKD330UcV3j7vqZtLS0DcOHD3/l6tWrRS7/0FpdIBRW8/kJlSql8umnnx51LwAe//U49i3cxaJztNPBd2f4CZj/qivSwmy0okm/lnjsswkY+vZQnwcgOz2yQpr2bopx/xqPEX9/DPXbxsCgNrAEuZPb3DcDZHQTUUWqWLvUlv/dwOZK3k2aNm06lCiXnrjF9lBtZ16dmpBVxIwfP77rihUrlkokkoSqPpey4Sx2f7KdaAyps+LF4bPqj4XCqekW3b4Rus3ohbgusfBnsdnsOLf5HCNGVmeXQkGnUfkwNSRdw7QOlUaFR84bi4btq66gvHz58obHH3/8tQsXLmTjtmE13qAJ3buDrEOHDm0IAOOreiPteDjyw0GW8/JZAFLtR0xoXYEaEmJ69nttCCZ+/YTfA5A5/USDtB/TDlO+fwrtJ3dhRQC0UsVnzW1K8EwsMUrFePCLvbAYLFW+NyEhoXu3bt1auMBXbQ5+dYLQERISEjhixIg+qGLgCi25OvT9AbbzUJoJXwQg3TktOhN0JQY07tEMjy+YgE4TOjpLxeqQUA04cO4AjPi/sQiKDYMmX8PYtgU+eR0cUNVTIjMlG3sW7b/bG+sPHjy4G1kDSlSjMV6dIBR27949Nj4+vsqytIs7LrKev4AQhY9qQDDfj5Zv9pzTD2M/fRzh8eGoyxLfLQ6TFk1Fm8c7wUg2J+pj+crwWPo7xa7a2jKNCWVEC+7/+TBuXLhR5Wc6d+7cJTw8XIpbI/e8BoT0OHayS/QIDQ1tU5UWTN11kQViRBKRj4FPwDYNbYEGwXERGLdgIrpO7QJenBKglGHIm4Mx6J3hrGicblTejkORUMBUmUZvQX6hBmVlBsiIi6Qv0eL42lNVWwAKRWhcXFxENWKnWg7k5ogR2my2KqNGuSm5rDKDUk74khZk4WyTlSwsHRr3bo7xCychmvs02johbYa3xtjPJiKsaSS0hVpWlO5taKRuA/Vr9eSeFhZrUURAZzSYQQuz6L8FBAXgStI1aIq0lX6+YcOGiWPHju1RnX5hdYDQgVskTdaq3nTjfC5MxFShE458CYBmvYnt7B0nd8Fj88ZCGcZTZ9xNGrRpgHGfT0Jsz6bQ5KlZC5Y3AJG6qmKCNKvNgVK1EYXknhr0ZgIAJyjdQovZS9KLcT35elWHkgUEBIRUwI7AG0DI+P+bN29eb/To0YOrelM+sbNZO5tQ4FMApAXPff46CP1e6c9MGF7uLYGhARj90Ri0HtcR+mId7BarR/1ECj6CPZSUG5jpWU7nYBDdISau0e0/i+YPKXPD9Qu5VR7PaDTqcCsj4PAWEFKmtPAWLVpU6g/qyc5TmlPK+gB9BoC0FcZiR99XBqEL7/9xX/jE4hn2zjB0IBaEvkTP6mhrG4hCV4MzNT2LSnQoLSMbgtVKNB95vYrfwpqfyb8XsMKYyqV/v/5do6Ojw10mqcc1obvORWQlJ2exWCrtt6I5GGOZwScCMnSh0KJro9GKfq8OZjkxXh5c+s8dgM7P9GA9jLSmtjaASAFGtZzJbEMh2QAKiPajfp9ELGKR0Ht+nvqMJVSDV04x071H995NmjSp7wLhQyuy6lJNjIfDQfkGK/tHgk07vQEiodcD0GI0w0bOYtBbw9FuVBseRdUgvZ/vwxZ08vIkBIYTE7CGJmBR8FFNRv0+Gu3UkM2UVviIGNWHkNM6MJvMsBIzWiq5M+VtNpsdROm4A5J2PGTRpbh2Fje8PnfkBKCFlaD1fnkgD8Bqlr4v9SPX1ojzG84QIAZWOxCdQRc7dFoztDoTTGTTp+ATP8DGL3ARDrPobmVKxeGwOaoxxC/ml4dzH2NEQcU69Hy+HxInduKvSQ3IoDeHMv6bKzvOI6h+cLXUm4hcBFZ6soHSwAul9qAZQPHDWl1OzVE7/jO/NJyGBK1/bD2uA7rP7MFfjxoMlAx6cwhLXRRdzEVghOqBc8Zu09NI/D4d0XxaYnqy7ggGSqFvXZc6rwTJzdQRDdigYywGvj6ER0oNi0Ilx5C3h0ERroJRY+TsptC307wenUtRXKpHQZEGGo2B5QHp6wIfJMcR1nUAUu6RwAgl+r8yCBKpiEdJLUhkkwj0mTuQuQA0EHY/wLlZ50metXozy/ep1QZaD+lMtvswM1WdBiENmVO6wT5/6Y/6LSJ5dNSiJAxogU5Tu5FN0MiIsO7t97nqPIt0KC7WwmK1upLtvl9AUadBaCgzoM3YDkgY3JJHhQek6zPdEZPYmNFMVAYmd52nxWpHYYkORcW0ztPkfF3oP0u3ToKQmaFleoQ1r4dez/fl0eAhkcrF6PvSAMZZY9aZbpqUrB7MVedZpjYij5ieOq2JaUSRyP+WbJ0EITVDhRIxA6BMIeHR4EGJSqiHTpM7Mwp/hyuxTos63H5fGdksqblKTU9/lboHQtqYW6xDi/4JaMqRGp2XmpFOT3RB0/4tGTM5q/Mk96eYmJ82d52nnxfOi+saACnfZFBMKDoTf8TXhJZg0bkSplID82cpxSJdnlRz0OJ4SZCcza6g1CFCse8sXJFEyHhZk7emwOrKkbN8n7Bu6Ii6BUKHkxW76+OdENowxOt/rtlgQcGlfORevIHS9CKU55ZDX25gHR521yAZmusWuQAnlEsQoAqAnIAxpFEo6iVEoX5CfUQ2j/Ta4nkalDmy9AhObkmByW6HhE6bqmMtY3UHhFQLEic/vGkk2np5Z0T2mRxGQ5995jrKs0pYPStFG9UYItdINDq0RSR1LlZWdUL/M1uhLShn04tzz2bj4tZzDJBh8RGI6xaPJn2aISw2zDu0usWGs5vPYdd3+5BHNhkanJEHyurktOU6A0JK0EtHZdGUhFwl877fR9Ze+pF0nFl/GrmnsmDRmiAOELPZhJTZ7G7N0IKbRZhC1mUqCcDNQaN0sd8ggLx+LIONmWvcsxk6PN4B9VvW99i5Zp24jq0LdiL10FWIZSIERQWx86ur487rBggFzp7GqLYxaDnE+3KCOSm5OPbTEUYzTyOBlIdHVl/10OfMqkxkYojpkEw7YDGYcemPM0TLXkVcz6bo/mwPhMQE19p5Fl8rxr7v9uPEpjOwmCxQRirZvEW3Jq+rUidASFtSaHV980EtmcnjLUIHkxz7OQmn1yYzCghFsAJCcQ3MeHAxZNJhOxJy/jYCgEtbzhLQZ6DrjF5oO7JNjdKO0GDYoZ+P4sjyYyjNLWVjD+jgUzYS3FGH0VeXQEgTwSGx4Swt4S1ScKUQuz7ehhspOWy2ulgVeMu/q2G7l07lVdajcxj02D1vK7KIGTzwf4Yws7e65dTGFOwl2i/zVCYBnwKq+kHOfj0efHUIhOSGW4kv2LRvc6giA73iJ13cfhF7P9/FmLyDGgR5ZnY8+b6AIAWkChuu7L2I4swiDH7nUcS0aVAth888noVdi/6LS4evEk/VgbBGobfOk8df3QIhnd0uJ2Ze8wEtvOL3nFpzCge/2suGU9KxXJ70h9zTiYKiglF+vQR/vLcBQ98d8VAzNcpy1dj7/QEkbzgFY5lz9Biluazrft/dxO+zodQUjWzVAA0e8fyYslNrT2Ef0YA0IigPCvAak4z+Dko5YS7T4Y/3N+Da0QzOx6DVLgeWHMEXE77B/iUH2DBOCm6BD88x5EFYHYvLZoeDOCBNezXz+G85u/4s9n22E7JA7xwHR39OQEggHAYLtn24GdfP5t73Z1O2nsc3T/yADf/czIakhkaHsKlbPPh4cxRWs5UFAhp1auTR35GelIEDX+8l4CMA9OKEtHNMmIIxju+evw1j5j9+18qirDM5LOhyftdF1tkeVE/lu8NeeRDWTECGzppr2CnyfmaS15ioC7XY++/dzhREaKDXawf6+xTENKVlcns/343HPxt/x3u0eRrm9x1ZfYJRVKjI+0WUleABgi5VNfQKad2o4B5WTqWfE/hcl73/gtDuLI2Kbhvj0Z9x4Iu9KCcLOqhBsO+YZ2QN00R65qGrOPLjYfSY2dN5Sc12HF5+DIeWHUJeWiECwwIR6j4vjqfmnhtPO+tpHvdmUy+dISMSQB4sg0gouuOa0bdRJkKD1kx+T4V5iA6ncyUPkTOmtaroCnkQ1rIpSoMf0e09B8LzW87jyu5LjMPGp/wjhxMktO703IbTiO/ZFAaNAVs/2YFrJzMhIX5tWMPQh0q2U45XFbkuA5/ry76HFtZToaPzTEYrklaegDqvjJXt/elzJmdRQ6+nuiOYbBQW9+ckInaM47+fQlFGETP9eRB6GoTkhkQ0q4ewxp4Z4qkrNSB51cmbRde+FqSglIK0JUqvM+PXuStRmlcOo97Ecq3VEfGkQ1do8r7nM93vmFHisNpxYedFAqbCO0BIx3MHkNd6PtEFiog7875XDqYh5+IN4ntLfcY39dvoqJ3cyJD4CMiUntkRU9adRlFqns9NJabGHTXn7OQ3l5QZUFSuR3FuKctrBkeqnD1+1XA6VNNSQNkqmfdAW7gYiW8l/KH0JStxM+hU4Mr8S2riCnwsOOTXgZl6TSI88tV6tQmpey9BRndxoe8sCNrFbieY0BIQlJcbYDI7qeTlStnNoI2XR5Xg8MHQrF+CkEbOxAESYo56hsbw4vYLKMkshjIs0CcAyOYuCij4rIzJ2mig05OqgUr+pvYSMM2mK9bejK7Q5mQa2KkM2PQ1DeWXIT4h7baoKEba4kXUIbV0KsEgdCU68rlyFpRzrwX6PTQ/S5ugeRDWktAbQIMyquhgD3y3Hen7UyHygTC5k0oesFjJoieLmzJZ1wSVPE0V0Shq94mdWdSSmo3stZgQSGR3LkGxXIKeU7siIavZHQEW6usHEhM/oJJicxpV7Ty2Ixq2jmGfo+Cnk3dTD6ehIK2A/T8PwtoCAvE1VJFBUEWoav2781LzkX8536ujc24OFwo+rcYMHZ1IbLE6NWIN8LpQ7RXetB5GvD3s/halVIT+L3KnoqS5xV4zet7pHpQbkZmcyYOwVoMyZKdV1aMNo7Ufd8o+ngkz0Siy+kFeGXRxJ7O1BjNKSw2gw12pRqxRPk869cpu9+B6sHl1At//QOgAi+zR3JMHvhp5l/JYt7i3lW+5yZP0Jhub32cgIHQQYIhrgUyXfbMHk+fenrj3OxA6HX0BAiKUtf7dmnwNynNKIaJmj5fcd/cUIyMBX7nGCIPRSbIr5Di9lhcehJxASBPkKg+AkFISGkp0EIlF3gE+4iNZiRYo15gYAGkVESPTrWXwUcvEk/4YTfh7szb0Q3PU2agq9kBghIbGaTmWp4MyLMBCrAGN3gw1AZ/Z7CQJ9hSVvEQmYdfm4q7LLGLJkuoWG+OZado9jlXg/Am0VjvSj2VAV6Ynpv2flyhNxksJqJp0jYPk9hEGlLGO+OSaQi0L7rB1QJ6LM4qdFTQ8CGsNg+ziVxb6rmmhLUA0F+WpcV1uv89ksUOtNbIJtnR0tKcnGNFkf1FaIZa/vurma4ZyAxo80gAvrXme5fAqCk1fbPznVlw/l43AUMWf/o1GWsMaBOP5X2YiLC7sjgDMjs934dKBK1CG3+LsoYxzCi9qoq4TgRlaWuUJk9BUZoCDlU3VLgjdU4zMRINQs1NPNCBdkNT09IrKRIErMltBE1Py4rtyqYoFzK0Q3qa9WS3uXe4tPSb9jFByq7yO3g9vrqTxP01Id35qhnjAB7ERU1RQixTuFOtisiCtBHxq5vcZYCGbQI2nHB5oYxSw1qRbYBLdlZqfAk1ETNHb30P7FkXu6HNl1gAFKX3P7UD14gCpn2pCgUdyhFZXqRQEtQe+MmLWGYnPZyQbQG2lHHjhQXhffqHNWvvJYWc3uOAm2W6N3DA6h4JsMrTMLCu3jI0QUxKfKzREAYlUzNIPdp5eggehR90PgbNihobja/1iUrr5GnL+3aOj9QYLcvPVKCzWMc1L/T4Dec1s1UKlkEIZIGHRUZsfI1HgZ9ylfqgJXZOKPLAIJSoZnEwPjgpDWh52UxFAQkxranpeJ5rvRoGGmZ5ikfP1m/6oxYrSMit0ejFUKjmUComzWNoLwEjdA1p4rS8z3LQSaBeFKlJVJZroyDQ1OVd3N4RbaHRUIpFUel70FUOZkXxOywYAwXUvaCpEGiDx2lyh/2lCV9MnGydWy0JL5W42vQoeFnyAlPh9dC3lF+mQR7Qf9f+oRpRWEtAQutIQNCdITVSDScY0Y4BUyMxTT4LR7OqYoB0O1EqhqQKaTw1tEFJppJO+1nF0O8R3jq20i4J25MuD5ZVuWO1HtEb9ZpEsL8i6QUQiXEm6hrLsEohlfAF3rdmjNNlrNdQ+CIPJopLInX6ZQPjgKRKaVKcYLtEYcSNfg6ISLau9pAM075X9EDHqCaJJtEaYyDVQEA2gVMgglYoIEO3wRKrMRH5LZNP6GP3eiPs7/wAxhr42iLvJTs6973N97nj99//diMPncxFUjwdhLWHQCUIdMWdqW0IaBLOxZpT1W/gAk3FFzO8TQWc0o6BQwwBIUw4SCkoOUU93vSjVOLRiRm+0IpiYZEqyQQhZR4Oj1u+J1Wzx2JrwdkYA/4tnC5x+gL7UUOtfHdo4DEExoWwADRdzlC5SKSU7Iibl9Tw1zl3MQ1ZOKdNcUqb9BA+8+Gkqg5qAJcU6FBCzlnZRUIDWpUwG30XhAU1I15exSFvr303p+uol1Ef2ycz7jt7R4IrDIUAh+b25BRqn30dnCUrE1ZblELqm4BpNFpiIzxgYKIOS+Exyief9RV78NE9Io3Fa4kc5HLXfy0nJhs8Q7WWnlSt3Ka9ifh/RfBqNCbn55cTv0zmLk6XiGtucWBkbuSharQkGk5WlM5QKKfktAgbEmrLa6AYg8WBQhHZweLNJ6pcgpGVNOmJ+0eEktxcA17Q07NCQmaVl10shDxJV4fcJWZVLbkE58fvKGQkSDbrUFABvdxiJ28lqS8vKaUrDzPzFQAJIOkewJsBIeUW15DzTjmYwA4Gax2wsONkAGpPrdXt9KP23zDM5MKqNd5St0X+jx2vcIeaO9igKtGzyOW2png1Cpcel5nhxZgnrvOBBWJsgJDeAMnvR/r7aBiFNUzTq1gRFaUl/6q4XMNNTBCtZRLmFWuQQn09nMLMKGJkHOj5ofamQaEAbAWNJiR56AsIghQQyuniF1Ru8oSTC+WmFWDrn15vXw0AAFt2yPl5e9Ryk4tu6KHQWrP/bJlw/lwNFSOVdFC/8MuOOGSM0N7hl/nZcOHgVqkilM0/IospCKIK9t4vCL91zyrpFi6nLiTbyhLQc0AIBQQFOaneB0/SklBfFxN87l5qPtPRCmMi/0QXv6UJrml+koDPoTSggJnEJAQdthaIauzqL0VmQiNb0itwPl69axaoU/em9tx4SsnFIRIIq6DIcTPtR0Lm/i/6/0MtnJPonCOmwEYsNhdcKPfL99R+JQnyvprCQBR1AtJzOYMGV9CJcSC1AOTGRmUkq9q5LTzcDCjnKP1NIrIhSrZmZpTQ9wszHh9WMAmcr062HqOoOfzYUxvWeP33G2aLEfG1B1Rvw7Z+Bl7NP+i0DN93Fi64WssUjFNb+XWg/tgNS91/BhUv5KGPESha2oMVSsVdvXkzJkGumpgzcdF6EnGhrYubZyaYmVcmcReLVoVUYA4KAPSpzJ0RiURXEwO6m7TsDPRScYpHoVsWSjwR9/RaEtJuaztijAZKwxmG1rw1bN0BkYmPsmPcHomLDiekp8plrd5OZTWdEWaEVT70/kgFx79JDMJRR5mxFlSC57+8gQLKYbcRXLIKKHM+kN9+8b4ZSA8zEPK7MWnB+zoq8y/mwCxwwaU03P2emUV9yHJFEyM+i8IoToxG5Yh0K0wo9AkIqI14ZiBObziInoxAh9YJ8azAM0Yrl+Rr0HtcJw151lpAl9E/AH5/txKVDVyAPkEBBWbCFggda8LSyiFLdL3v+lzutRXKdaLqGBnRuF6lcwvzXle/8zkzPP3030eA2h535474kfls3wcq8iC9zPfm6x36DKkqFp+eNJWaoCEaDyWPcMw9iyqtLdIiOi8BTH429+Xqjzo0w66dnMOXTCQhvHI7yAi3TYA90XgInaAzlepZK0pdXeFA6ftdGUOnnaOEB0dK6Ut2tz9BjaI0e5fjhQViJSMhunXcu19lC4yFpN6otxv51MHTFemZGefsCoQDUq40QksU8bd44RDSPvM3CEKHbpES8tOo5DP3LAMgCZCjNLWORYE7n5mJAkAXKmFZkz+6HQubkhanMcnANMKV5P7lSfusz9BgK6c3qIB6E3mKSEtOlPLuEJXA9KeP+NhKDp3VHUXYxbHRGu5fikC5u2nlBzfjJ/28kOk/sVOV76UCWYW8Mxl9WzEIiMVnpvEA1MS9ZB4mPaSIehDV5csSxp31rmUevefy3TF84Gb3GJKI4p4xFH71tnVLgmE0WqPO1mPzOCIx8a8h9fS48PhxP/nsiZnw3DU26NYGm2Gki3jQdeanbIKQiJ6ZKdnIWI4T1qFYmptJffnoW3Ue2Rcn1UpjNNq/RGNQsNBB/SluoY6bzxH+O5nyMlgOaY/bSZzD+g8cQEh2Ksnw1TJVM0+WlDoKQDgvVEO2TduCqx39LQLAcry6fieHTe6Eku5QFEjwORPL16iIdjKV6PPPPMXjy08cf/FoTf7HHtG74y2+zMeiFAayxuSxPzfh+eAu1DoOQrTNill7de/kOvhJPiIhoxJmLn8Ksf00ELHaUET/KaQ7WvvlJ+xVLyAalDA7Aa7/OwqNvDqmWYysjApk5+9Lq59BpdHtYDFZmprK+Ph6MdROElG8k71wOsk5mec1vGvHGYLy2fBaatIpGUVYJi0jWhh/lZmRUF2tRdkONLiPa4v0tL6PLXYIwDypRzevhqS8m4+kvp6BR+0bQku80sEg1D8Y/WRB14iSlYhjLDTj/Rwriu8d7ze9qN7wVHundDBs+2optSw+xoE1gSAALtVe7mcqoIB0wULoLAoRGTSIx9n+God/sXjVu7rYanMCK2o/8Jwn7lxxEQUYR627x5vYiHoTVLA7X0NDMo+m4diQdTXp4DxAlSikmfDQG3Z/ogl0/HMCxjWeZiSgm2juQ/OaHHmMmcLLP0dYhm8mGaAK+3q8MwoBZvRASE1J7JpdIgF7Pdke7EW1w4HtynmtOoLxAA1V44EOXwPEg9BGhRcEmjQ7nN57xKhC6pWG7aDxLTLdhz/fF4VUncXrXRVy/nMcqUmjfH6Xro8XTtC6SasnKNCVdyFTb0ZIvGgyxGK2MGl+hlOORbk3QZWRbdJuYiOAGnhvlTceYj/jfR9GO/Ja93+1Hyq4LzEammtHbW454EFaDyImpl5WUjrSDV9GUmIHeKA1aN8D4v4/CY28NxaUDabh06CquEV8290o+NMSn0pdaWMMt5Vd103c43IzUDifPTaBShoioEDR8pAGad2qEVv1aIK5r3B0d7B7ddDo2xNPfTsX5bRew8+u9yLuaj8BgBeqi1CkQ0sZaG1m0x349hkaJsV7tk0iIX9h22CPsQSkcS7NKUXCtEEW5ZSjP17LiZ1oGR3v9KPDkgXLGNB0WG4L6jcMREROK4IbB8PbcQGviF7ce1gqbP9mBg8QvVpKN0iEA6pJCrBMgZFTyZKFaialWarbh8H+OIoxoiWGvDPCJ3081WHiTcPbwzxsE6LQmNmOjoVwChULinClSR1jg/D5FQekNpGQRl5QZcCE1D9eyimEVCrBl0X+Rn1oAXjwvyRvPYisxSUVyMYrL9ChRm9iGSekpPNGQzYOwugIxLgIljc6Ci2mFBID5KC03MO6R0Egl8jKLsfqfW3gEeFgsOjN+n78dZosVAax7AtBqDCgo0qKMgtHq4rsR8CD0HfDRgSlSESzkpmYQP4qCL69AzciM3GzW1MgJjlThyNpkHPjpKI8ED8qqDzYh9UQGux80MipwTRmm3SZlagMjn9IarK5JvwIehF59IgLXtCKBELl5Gpy7XEBMzyJYLU5Wsz+F9B3OII1QJsKKDzYi/wpvlnpCTm04S9yCfVCGKe6ooHHPY6TDXovLdCgs0cNosjICY38Do1+AkFIK0mRwcbkR54jfdyW9EAaDGXKZpEpKQbrrKkMVLNr4nzfWwma08qioRcm/lI9f3l0Ph1jAOl2qosigYKR3kHLHFBTrUFxqgMXuYPfVX7Do0yCku6JMIoZO76QUvEQASCkFqUYU309OjNx4OiPv+PbzWPneRh4ZtSg//c/vyE4rQHCE6p4DW9wmKnUpKIU/BWM58SXpKFYavBHwIPTAj6a0CMTEpBG0a9mlOHfpBvP7qEg4jiSjN5dW/W/6Yjf2/XiYR0ctyM+vrsbxrWfJBhgEbixRTr5W2g1TVqpDXqEWap2F8QmJRb4LRd/KE7LptUJYrA5yAzTIyddATZx3qhGlkgc7FWqWyuQSWIPkWPbmWoQ3CEabEa15pNSQbP/3Hvzx1V4E1VMx9u8HKVNzpi0EsFptKCnVs7keKmLSyl3jw212nmOm+rEncDJB07kNpRozUonpeTmtEDqtkfF5ih+yyJmaQ4HBAcTXsOG7l1bg2rFMHi01IEm/ncRvH/4BRVgg2fikD10n6gzeCKDXOU1UGhMwW+xOE9WHchpeD0JqLjLKQJMN1zJKmOlZVKx1ziaoxlpICsSgCCWKCsrx1fRljFyWl+qTlE0p+G7Or7AS8zNAJavWQm1G4e+ws6nEhSU6qPVWVvrGXhfwIHSZfNxHFgtcKQdqWmTklCGFgC8nv5xcbMdDTa+9FxBD6wfjRkYRPpnwHXIv5PHoqQa5sP0Cvpr1M8wEKKpQRY1MznWXJtL8YinxFwuK9WzsGw3bCKt5rRAzWky+T+htILz7WVIbXnh/1OTM9CQgo7kg6nifIxopK5sSI1kZ+Gp6ihHdLEKjgpF7tQCfP7UEOTwQH0rObDiLL2f8BK3JiqBwZY2PrmYpDfKwGM0oImAsJD6jxeZKadxnToPWrNI8srjqIJ+JAJHy9rv5UhzeAEK7iJylRCKptC1BQpxmaVAAm157NxSL2VgrMUrVRly8Wogr1wqhUevZDlebI8QYEKNDkH35Bj55/BukH+d9xAeR4yuT8fkzS6HRmxAcEVirs+Npb6KI7OhGo4VoRS2KyZqysHpU4T2tKDrnUBkcCFEV80N27ty549y5czfgDGzaPa0J3VfVYbFYdERKKntTIHHEQ+oHOef1VXIAIZsj5/T7rmaW4MLlPOb3sainp6YYuTRiYXYJ5o9dhDPEp+Hl/mX7wj3494xlZHcW1IoGrMqsotqPtntp1Aa2psq1JtgdjrsWcVACrJCGVbMOnDlzJlVNBNU0+6k61AtVb+Lk5OS8zZs2b6nKGg2LD2cXo2KjGN2Q5ETzEVcB2TfKcZ76fbmloNWdtP7T0xEuekNCCBCpb/HFjJ+xe9F+Hl33umYWO359dQ1+fncdpEoZq0pyeDhlIGQDQ50lcGXlBhSXGaCnJXAu07WiM+VwVeNEt4qq8nhSqTSwwtoXeAMI2W5gs9l0mVmZVTpQMR1iGUUDdZyps0z9O2p65pfoiN+Xh6sZRSzfQ1+n+SOvWVTkplAeFJvQge/n/oZlL6+sVKPzApQSK+aTkV9h3Ze7oCDgY1FQL8rZCVygMxqIv1ikJT6jgaU0hIJbLVP03gbWC0Kjdo3uBkJUlz8IVE+y3uGyiwUKhUJZ1ZsaJTZCaFw4ygnYaNd4WbmRNXEWE8eZ8qDUVMSzuoBIeVqoo/7Ht/uQffEGpn02AbHtG/LIc5tof5zD0jfXIPdKASIahjn5Yrw0aS5ycdnoCRhpUbiCrMcgorVpIYhaa0RC/5ao3yKy0s9q1JrUo0ePnnQpsGrZjatL5bBdIS0t7TIxOSvVhrJAKZr1T4CagC8tvRgXr+ajoFANappLvBiAFU1TqUyMiEahOH8kDfPGLMLub/ZXMTu97oiF+Fir3lmPz5/6EUU3yhARG8Y0jrcTNglc2s9BfCENAR5tmSouJgpBIESXcR2q/Fxeft61Xbt2paIaZwFXq923du3a5IzMjNNV/Xub4a1RbHPg/LkcFgaWySQ+VdngXlehUUGMwn7RnOX4dML3uFFH0xjnt1/Eh4P+jVXzt0EolyAoTOlzbGmsOJyA0WaxIp1o8biu8YwjtSopLi7OtdBmVacWtHsTCBnX140bN7SHDx2usgo6IFyB0a8MgJyoP0pe5Kvd0nSdUWaw8NhQnNiWgg+G/RvrP9wCowfnINamlBDf74cXluOTJxYj7UIuIhqHQa6Q+CxdIQWiUWdGZEwIRr8x9G5v1RFFs6u8vLzaIqPVDUIq2j179xwnz1XWfPV+pjuGPNsTZTfKWbTKV2fZOVxh7rDoEFZIsOLDP/DPkV/hyK/H4DDb/BJ8dJP541878Y9hC7FjyUFIAiUIrqdyDfSE7wJQb4KJmNWT3n0UcYlVB2QI+FJTUlIuu9yvarvJgofZvW4DEAW0uFWrVg1///33BQkJCWOq+pzdaMUXTy7B3t+Po36jcBbw8GWKOzczmLZED6vBgta9muHRv/RDh1Ft2aBSXxd9qQEHfz6KnT8eRAbRfIrgAPaoPl3gSQCaoS7Q4In/NwIT/nH3kXDLly9/98knn/yW/C81eUwVz/6hcFSNIKR/0Nit+L333hv9j3/8YxmNx1S5q2qM+H7Wf3Bw3SmoIlSQBUh8nn2ZXg9KOa8t1UHkEKBF1zj0ebobuo7pAEWY7xHblmSU4Miakziw4jgyL95gFSQ07/egLUjedq90agPMRANOeOtRjP9g5F3fr9PpTo0dO3bmrl27qCa0uB7wNhBSoSkPabNmzept3bp1PnmedNcDEHN09d//wB+L9rLcDSX78Ye5BPS60HwoBaPdYkd82xh0G90eXUa3Q3S7GK+eSER99atJ6UhadRKntl9ATkYRZEopFEEBrOjC10l5nROJrSgvUKN+dCgmEA3Y/z6G4qxater9J554YiFZmxaXFrR7Kwjd2lA4fPjwR1avXv2TUqlsc6/jXN5/Fb+9vxHnDl2BXCVnQQ9Wo+4H0X9aJaTXEJ+DaP5gokVa9m6OjsNbo/2wVghvHOY1kaacM7k4ve0cTu+8gMsns9imqAiSM/4XgUjg8/fCvTHSUQJ08+8+piOmfDgakc3r3fOzGekZW6c9M+21AwcOZLp8QXNlMQJvASEVkRuIP/3006xp06bNI/8fcM/FSsy4/y45jK2L9hHTJxfKcCXkCqlfDQgxEX+RmuF0QUfEhCC+fSNmsjbr0hgN2zZEYHjtmaxl18uQmZKN1GMZuHrkGq6fz0VZqZ4AjtwsshFKZBL4jwigJ6ankZie7Yi/Puqvg9B+dNv7/XDenDlzZn7zzTe7XErGXJl68DYQus1SSWRkZNDXX389c+LEif9wgfOeos5TY+uC3djzaxLKS7VQhgVCKpP43bQeE63W0JohJOdFTb16ceGIaVYPMY80QGyrKITHhiM0OpgAUwmB+MHtVzoOTZOvRkleGQoyS5FzLpd1h+ReLkBBdikMZGHSSU8BROtJpP41FYGuT4POBH2ZHjFN62HYc30x8LnekATc9wZjI9bc+wSEPxYVFZXDmRu0Vm5MeB8IbwZpVCqVZNnSZS8+Pv7xv1Ng3u+xs8/m4PePtyNp/SnYiWlKu96d5UZ+tU5YVJUSF1lMFpiJpqQ+pEwuhiIkAEHhKlZAHhYdxPzlYAJIOnWYaSq5lM2okMolsBgtLCBEe+hMOjMM5QaUFWmgztcS8KlRRgBYXqiFjmhhm83G/G4pWYhU21HiJIGf8XjSdUmH5ajJOQeQ6zNkZm+M/p+hCKqv4nIYy9q1a/82ffr0bzQaar4wM9RStUXvfSCkQr06Gh0VUCAuXrz4pcmTJ/8v+VvO5TtoTeKmBTtxkZhMIrJwAkMUfj2yh54anS9IgUmBRZ9pDabAtbWxcivaoOpqxXHfA+p70gdjMbDbb22FtIOAaDgxAZ6IFsdT0AF+ff00JVpIhEJ0HNoa4wj4YhNjuR6meNWqVZ/Nnj37W7Va7QbgXStkvBWEbiAy0EVFRak++ugjgsPJLyoUipactiRiMh34OQkbv9qLG2kFLNwfECjz2gLhmlthbmfEUelNd94PwU3A1hlxdSNpywzMEmjeriEB33AkTujA+VCZmZk75n087/O1a9YmExNU4wKeBfcoUfNmELqBKHE9C4YNG5awaNGit5s0aTLWZbLet2jyNdgwfwd2/3QIegJMSpsnpt3PdbuGus6LiZjjauL3NmgSiWEv9MOjL/aHSMHNv9Xr9SmbN29euWDBgrVJSUnprm3Mrf3uWSPq7SB078siV8BGFB8fHzF16tTu06ZNe6JFixZDyGuBnHar45nY8MkOHN95gbFqKUMUTgobHox1R/mxlION+H06KIlV1OeJLhj95hCENgrljOEjR44sffPNNxcdPXo0kxzT6rQ5UJFDBv4AwpseSkWt2KhRo7AZM2b0nTt37uuhoaEduX7/8bWnsHnhHlxMSoNcKWfcob5eSsXL/YCPFkLo4bDakTisNcb8dRCa9eU8/txy+fLlLStWrFi9bNmy/cQMLXatHHcAhtMq8hUQ3g5GsetExY899libV155ZdLAgQMnkmNy8qKtRit2frMPf3yxB/nZpVBFKCFTSHgg+qHfR+8pLTUzlhvQrENjjH1jKLpO6vggI8FzV61atfDll1/+uaCgoMx19Pvy/fwFhLebqMwvlMlk0lGjRrUlmvGxoUOHPiMWiyO5HIxSK2z8dCf2rzru9BdpSsMPSuB4uVVqRqtd6jcMw4jn+qD/c70hDw7gdByr1Zqxc+fO1UuWLNlE/L/zRqPR4AKduyvigReLr4KwssANRCKR7IMPPhjxwgsvzImIiOgGjhQc15IysO6T7UjecZ7tkJQfxh8Kjusq+GiaRl2kgYL4fb3Gd8aYt4ciIi6c66HsSUlJv3w8/+Nvt23dluoCH3Ar+f7Qzbm+DkK3iCoEb4Rt27ZtMHv27IFTp059Kjw8vBc4Bt2Pr07GuvnbkXo6C4GhCihUct5f9BnwuVrDyvSw6a1o3685xv3vSCRw9/scJSUlh5YvX/7LF198se3KlSs5rvXl1nz26vrN/gLCiiaqW/uJWrRoEfnhhx9OmzRp0svk7wguB6NtKtu+3ItdPxx0+ouRSr8sgfM37WfQGqEr1aN5YhxGvNgXvZ7uzjnvmZOTc2TNmjU///jjj7tTUlJycYuQzO33Vesi8CcQVjRR3ZpRQMzS4ImTJibOmD5jfGJi4jjyvSFcDlZwMQ8bP9+Ng7+fgslgIiaq0tVIzIPRm7QfzffpSvQIrxeEQTN6YdhL/REYHsj1UCWnT59e/9Zbby3asWPHBTdGcI+yMx6Edwej2AVGSrUv/+ijj8a+9tprb4jF4jZcD5a6/6rTX9x+DmLiY6j8pEHV9/0+GnTRgRbU9Z2YiLFvDUP9R6K4HqrsxIkTvxPNt/qXX345qdVq9fhzuZm9Js/Dn0F4u78opEDs06dPHPEXHx01atTkoKCg9pwuls2BpOXHsJGYqddSchAQLHeWwPFA9AACwfJ9drMN7fq1wOjXhqDVoATOhykvL096//33P1q6dOkhjUajd2k+Bx4i5cCDsGp/kbVIuS6wtF+/fnFz/zp38rix4+aSvzk14+nIzrv9633YsfgASgrVzESlE3t5MNaO9qOUkYYyA2Kb18eoVwejz7RuEHIcdU4Al7Jp06bflixdsm33rt1XcCvJ/tApBx6E9+cvst77sLCwoJdeemngs88++2R8fDwtgeOUPMq/UogN/7cFB9cmw2y338wv8jVwNQM+s8nCiJWCwwIxZHZfPPb6YMhDuOX7LBZL3tq1a78msv7gwYMZLpNT4AJhrYKvroKwIhglLkA64uLiIqdOndpj2rRpTyckJIwAx3jahR0Xsf7zXTi3P5UxpPl7y1RtB11oyoH6fbQntMfIdnjsjSGI6cB5jIDu6tWru7777rufFi5cuIeA0eBaB3ZUIxkvD0LuInY9WBawVatW0QsWLJg9YMCAKVKptDGXA7kpNrZ9819kXriBADrURCnjc4sPAz5aalamh0VPqSCbMtOz46i2nI9VWlp6igDvsyVLluy7fv16OW6lG9z5Po/epboOQre/6A7eiCQSiXz06NEJL7744vhBgwZNIr+zEZeDGUv02PzZTmwl/qJWbYQqIpDNoeAVIzcEGnUm5ns3bBKJkXMHof+sXlUO3rzL4s7as2fP6i+++GLVxo0bz1UwPa2oRgJeHoTVC8abJioBo2zMmDHt5s2b91qzZs3Gcj3Y9VPZrDD88O/JsDrsbNgln9K495pgpWaFGqhCAzFoek+MfGkAVA2COB3HarUW7tix4yei+TZu3rw5xWQyuRnOzJ7y+3gQcgNixeCNuH2H9jGzZs4aNGHChMlRUVE9wbEe9cyW89gwfzsuHU+HkGhERoAr4F3G29cCpeXQlOggpdQSw1qzfF9j7tQS1qKioqRvv/120QcffLDFZrOZ3N4CajHlwIOwesHoJpcStGnTpuGsWbMGzJgx41WVSsWJYsNusuK/S49g08LdyLlWgECyy/P5Rdysx9WXG9hQleYdYjHxneFoP6Yd53VcXFzM6jwXL168JyUl5UaFgEu1zn7gQeiZZeKuumF/T506tcvrr78+vVOnTjSKWo/LwTR5GvxB/MU9y5NQTnZ9yoJWV0vg6P2n1I2aIi1iKLXEi/0xaHYvNgSWoxStWrXqy/fee+/n1NTUwgqAs3qj6cmD8MHFbaKytqmIiAjVxEkTOz1oPWr6iUys/2QHkredh83hHKntngBbF8BHKQU1JXoEqeToN7kzhr86GOFxYVwXbtHJkyc3LV26dO3KVStPFhcVl+PPyXa7r1wTHoTcwShxG1IPW496asMZrP94Oy4cS0dASAACg+SuSbV+6vfZnVTyDrMdnR9ti8ffHob4bnGcj3Xq1KmVxO9bSsxPWuepcd2Xe1IL8iD0DxC6TVR34EZIwCfv1asXrUcdPmrUqOnBwcEtOEUS9Bbs/uEgtn6zH3kZhVCEKiAP8C8Kf5py0KuNbKZGs06xGPfGUCTSsdIcl4BGozm7ZcuWFR988MHKS5cu5bjugQNelnLgQVj7/qI7WiogQOzz9ttvv9ikSZNh4EhUXJxejK1f7MU+4i9q1AZmokp8vH+RzfAjfp++VI+I6FA8+nwfDJzdmxUycBG1Wn1h06ZNvy5dtpTWeaZV0Ho+4/fxIKwdf5EFcGJiYkJmzJjRk9ajEjByrkfNSb6O1R9txbFt59iRaX6RUc07fAl8YPm+8gItAgIkGPh0d4x+c+iDUAqar127tn7OnDnzt2/ffrEC2Gq0v48Hoe+KO3DDTi86Ojr01VdfHfHGG2+8S/6O53qwk+vOYN38bbh6KhPyYAUUSjnlzvZ68DkcAmhKdXAQELYb2BLj3xyGZn2acj2ULjU1defPP//8G/H7jqanpxdWCLb4VNCFB6Hn/EVWjyqXywMee+yx1jNnzhzbt2/fceRvTmCkw1n2LNqHnUsO4cb1UsZ345Uj31z5PgPx+wzElG7avhGr8+w5tQvnQ1Wo89x//fr1EtQwtQQPQv+Viv6iXSwWK0aOHJnw8ssvTxk0aNBzD+IvbvxsF/b9mgSjyYwgml/0FkpGcqZ0IpS6WIvw+iEYQXy+4XMHQhok57oQr+/Zs2dVFXWefgk+HoS1Z6K6I6m2sLCwkPfee2/s5MmTn2zQoEFv3OfcRbdcOZCG9Z/uQPL28xDTKVMeLIFzlpo5Uw4ymRi9J3bGiL8OQoOW9Tkf6+rVq+vfeeedBRs2bDhjsVjcM/y8ss6TB6HvakU33w1L9rfv0L7BzBkzaT3qFBcY71toy9SRFSew6Ys9yDyfy2YOKiiRbS0h0d1ipC0hfp/NjvZ9EjDmjSFIGNiC66GseXl5h9esWbPyhx9/2H3m9Jkcl9arVWoJHoR1T9wmKrtw7dq1i/3666/n9O7dexb5U8nJXyzTY/d3B7D5q/+iOK8cwfWUbOhnTWPR4GoxavxINMa9PRy9nkgk+lzI6RgajeYS8fk+/+GHH/aeO3cuu4K281u/jwehd0nFLg1ReHh4ENGIHWbMmDGxa9euo8CxHrXwWhHW/t9WJG04DaPR4ppKXL1VN4xagpaaFWkQWS8Y/af1YKanIlzB9VAFycnJWz777DNa7XIcf045WFFHW6B5EHrORP1T/2J4RHjI+PHj27/z9juvxsXFDeV6wIv/vYJ1H23B+QNXbrZMPWwJHOvvI36flvh9VMt2G9mOmZ7RbaO5LrKykydPrluydMna1atW3z5A0+9SDjwIfdNfFLn+39GtW7cmr7322nhKyahQKLhxOZClfGDJIWz4ci/Sz+dAFRbopNjgSOFP743dbmfTa2nKoUO/BDxOTM/WQx/hfIJWq/XcggULPn333XfX22w2I279GktdBx8PQu8DozvZLxCJROLu3bs3/te//jWnR48e08lrMk4+V4EG24mvuOfnIyi6UQ5FiDO/eK9LTv+ZdnXQOk/K69K4ZRQendMPfZ7twWbWcxG1Wn2GTq9dvHjx1gMHDmS4AOgm0q0TUU8ehL4LRreJKohtHBs+ffr0vlOnTJ3QokULWo/KqQQu+0wOdv94CCe2nkNJfjkjLxZJhQRQYojEQpbesBFI0K52GnWlzxKxCNHxEeg8rhMGz+6NYI7UEkT069avW7jw3wtX7tu3LwPOVIObUtDKg48HoS8Fb9wj3xzR0dERBIzdn3vuuZdiY2P7cT1YyfVSpOy6hLTj6Ug/lY3yIi2MOiPMBHgyqRiBwQqENghBXNsGaN2nOVoNTIA8lHPQxZCenr5z2bJlv3711Vd7SkpK1Lg1QLPO+301BUL24Qd98HJfWlHsMkVp+YlkwIABHXbs2PEvi8WS7nhAMZQZHPmX8x1pR685Luy/4kg/nuEoSityEPPzQQ9pv3Tp0mbi802Oi4uLdWlrhet3C/nbWMM44kFYa1pR7FrYSrlcHj5x0sQ+27Zv+8xgMGQ5PCgmkylj27Zt81q1atXEtVEEuJ7F/G3jQeivmlHqWuRUyyiff/75YWq1ep8H8GfYtWvXwjFjxnQXi8VhFTSfm0iZFx6Efi2iCmBUtWvXrsXChQtfzM7O3kuuq62GwWfLzc397+effz47LCws0uW3Brh+Dw8+HoR10l90+1+q9u3bJ3z55Zdzbty4QTWjtTqRp9ForhK/b92iRYtead+hPZ0/RkOmSpf2E/EA9BwI+eiod4DR3anB/MfExMS4ESNGdOrdu3e3vn379iPmYhB5xHIMktitVmuW3W7XHjhwYDcB96o9e/akETDq4EwzALfoJXjxYHSUB6F3BW9EFbSSlbZNxcbGRhFRTZkypV9kZGQspYMnwHKQh4WAtVN8fHzP9PT0wydPnkwWCoUS8hDIZDJpYWFh1ooVK/bn5eWps7Ky8kpKSrS4RScI8CkHHoS8VKkVBRW0o7s8TII/kxgz8PTo2SOWALEpAWDakcNHsiqA2VbhYamgQWt9eCYPQh6Evg5IN6gq/j8qAJOakmZXUEXsApz7vRXbiew88LwXhHwuyIvvawXtdbumRAVfzl1OVhGADh50viNiT6GflwcGpuM+gMuLjwUDeOGFFx6EvPDCg5AXXnjxkPx/AQYAa90lyhuYBhYAAAAASUVORK5CYII=', 'C#');
insert into category (category_id, description, imagebase64, name) values (4, 'PHP is a server-side scripting language designed primarily for web development but also used as a general-purpose programming language.', 'data:image/png;base64,iVBORw0KGgoAAAANSUhEUgAAAOEAAADhCAYAAAA+s9J6AAAAGXRFWHRTb2Z0d2FyZQBBZG9iZSBJbWFnZVJlYWR5ccllPAAAA3hpVFh0WE1MOmNvbS5hZG9iZS54bXAAAAAAADw/eHBhY2tldCBiZWdpbj0i77u/IiBpZD0iVzVNME1wQ2VoaUh6cmVTek5UY3prYzlkIj8+IDx4OnhtcG1ldGEgeG1sbnM6eD0iYWRvYmU6bnM6bWV0YS8iIHg6eG1wdGs9IkFkb2JlIFhNUCBDb3JlIDUuNS1jMDIxIDc5LjE1NDkxMSwgMjAxMy8xMC8yOS0xMTo0NzoxNiAgICAgICAgIj4gPHJkZjpSREYgeG1sbnM6cmRmPSJodHRwOi8vd3d3LnczLm9yZy8xOTk5LzAyLzIyLXJkZi1zeW50YXgtbnMjIj4gPHJkZjpEZXNjcmlwdGlvbiByZGY6YWJvdXQ9IiIgeG1sbnM6eG1wTU09Imh0dHA6Ly9ucy5hZG9iZS5jb20veGFwLzEuMC9tbS8iIHhtbG5zOnN0UmVmPSJodHRwOi8vbnMuYWRvYmUuY29tL3hhcC8xLjAvc1R5cGUvUmVzb3VyY2VSZWYjIiB4bWxuczp4bXA9Imh0dHA6Ly9ucy5hZG9iZS5jb20veGFwLzEuMC8iIHhtcE1NOk9yaWdpbmFsRG9jdW1lbnRJRD0ieG1wLmRpZDo3YTVjYjdiOS0xYjQ1LTUwNGEtOTM1Zi1lYjNkZWFlMmE4MGIiIHhtcE1NOkRvY3VtZW50SUQ9InhtcC5kaWQ6NDYwOERFREQ3QzFGMTFFNzhDQjBDNEEyNEI0QzM0MTMiIHhtcE1NOkluc3RhbmNlSUQ9InhtcC5paWQ6NDYwOERFREM3QzFGMTFFNzhDQjBDNEEyNEI0QzM0MTMiIHhtcDpDcmVhdG9yVG9vbD0iQWRvYmUgUGhvdG9zaG9wIENDIDIwMTUuNSAoV2luZG93cykiPiA8eG1wTU06RGVyaXZlZEZyb20gc3RSZWY6aW5zdGFuY2VJRD0ieG1wLmlpZDpiYjNkZGE2My0yYTIyLTE2NGYtODRlNy1mODNiOWJkMzI2ZjgiIHN0UmVmOmRvY3VtZW50SUQ9InhtcC5kaWQ6N2E1Y2I3YjktMWI0NS01MDRhLTkzNWYtZWIzZGVhZTJhODBiIi8+IDwvcmRmOkRlc2NyaXB0aW9uPiA8L3JkZjpSREY+IDwveDp4bXBtZXRhPiA8P3hwYWNrZXQgZW5kPSJyIj8+0PY9dgAAUrtJREFUeNrsvQd8XNd1J3ze9D7oAFEIgqRY1ChRzZYsWbIsO7ZlO7Gd2HHJbjZl88W/bGInX7zZZIu/JF/Wcew4yaZs4pafS1y17k2WVS2rUqQoiRLFTgIgQPQBps+8Pf9z74AoA8wbANPAd+XjAQeDmXnvnv89/RzDNE2yl73sVbtl2CC0l71sENrLXjYI7WUve9kgtJe9bBDay172skFoL3vZILSXvexlg9Be9rJBaC972csGob3sZYNwtXXrK37JvmuVWxGmdqYu/djH1M3UwtSsH1uZgkx+JjeTF/vIhI1MMWWYEkxzTONME0yT+nGI6SzTBabz+nHGvu2VWQ8/9hVLr3PZt6omy6EBtU/TfqZOpm36MVyF7xBjGmE6pR8PMB3SBMDm7W2qzrJBWCWNg+kKpr1M1zHdzrSbqamG3ymsaaf+93v04xTTS0wPMD3NdITpeS1p7WWDsKHu6x6mO5iu1wDc1yD3GwfDTZqwslo6AohPMd3P9KJ+3l42COtq9WjGvY3p55j6mXybhEeu0/QrTEmm00w/YHqI6XGmQXv7bRDWavUy3cX0NqYbtD232ZdPq9Kg39X25JNM9zDdy3TOZgsbhJVe8GDeraXdm2ts19XD6tT3425tT35bS8nvkO15tUG4wetWprdq4O2yb8eK9uT7NB3VgPyWVlvtZYNwTcupQfebTK/T/67uMk3tljSXPb/iMoylT4h7dvnzFV04qH6f6feYfsT0zxqUOZutbBBaWYjhvVfTDdXBWp7MfJYpT/k88yn/mwwH/48JjwAQHgEn/hnPFQWVgNZc8Mjvi5/l/fPz7+twONV7O1zqvSp7kL1BE2zHz2uasNnMBmGxBQ/nrzP9hv65EnBTQswE2LKUz2WYsuRwucnjDZPT7WPyk4vJ6w+RyxPS//bKI37vcLoZRAAPA8nppELCjJnL8Xvn5t83l0kyJSibSanH9CylErP874T8G79Pp2KUz2b4PV3z7ytgV6Jzoy/+Bk1/yPQvTJ8k27Nqg1AvpIF9gOl3mDo2HHYs2XK5tEg6SB4HgweACkS3kC/UJuTxRRh0UXJ5g+T2AnwBkX6L0goX/GyuEjs3FoJngbQsvF82HadMisGYmqNUcprSiRlKzo5pGlcAZTAXvq/T6eFH50Yfdv+D6beZ/o7p40zxS5X57NxR5UT4k412tkD9y2fTlMsmyeliqRZsZrC1UiCyhYLRHvKFW8nNQBMpx49YkF4AbF7U0sqZTgCUSFI8Ot3yHIAJ8GX4MRkbp7npQYrPDAsoU3OTfB0Jvg6Wwi5PJdRXZOj8OdPnNhNjWc0dvZRBCBvlj0h5PTdk5Rh0eZZ4YFIXq42BaDeFW/oo0NTD4OsSiQcpZZK20/J5UR/FVqtpVpihbU9tJ8LmJIdIW0jH+Mx5ik8NUmziLMWnh1idTcoh42AJ6WRQbiTfMv0F0/cvJRBeiuroFqY/Znr/Rtl4YMp8Jk2eQJTCrVsp2raDIu07WPq1iJoJxs6mkyJt6nOZInlNOC6XCGCPv4kPky4ye66mdHKGpeIEzYwdp+kLxxmQ5ykdnyaH2yOHzgbYkLdq+nstGYdtdXTzSUKonn9JqlRozVIDTpUsq5mQYHBohJp7qaljF0XatlOwuYcMqHjay5nPZ1YPJzQMp7BsdLjFq8r/RyarznOTgwzIEzQ1epRmJ8+JgwkHjovVVhKVdV3XfV47cBpWRbXV0cVrgOkzTK9e7xvBs2gys3nZvoPEa95yBUu/PpEYsOnwe7oUCqUZlPDgwqZMJ6YoNn6WJoefp2mWkim2Iw0+nPD7DVgPMv0q00kbhI0LQqieyHFsX6vkgzSDOx9SAHZea89VDL695A8pR2qOfw83/6VZ7WNIeMXpUA6exOwog/EIjQ8eFvsR2oCEVeT3a74/KD7+G62i2iBsIBBC5fwE0zvXYytlUnPiSYy0DVB7336Kdu4S2y+H2Fs2RfZavJwuxDO9YitOjxylC2cPsMp6Ujy+bm9wvXbjl0ll4Jy3QVj/6/Wk0qS2ruVkR3wMaiViZE0dO6i9/wZq6twtDCZBcBt8lsAIVRX3amrkJbpw+km2HY/LvYWainu7Rsl4hlQa4Q9tENarbqSCwP9trX+ezcTFpoN3s2PbTdSyZQ+rW14JbMMtb69yTUeHJCDkGYwTwy/S6KnHaebCMXHcuNyB9aio/x/Th6mO23BciiCE1PssqWr2shfUS8T4gk091LXzFrb7rpbTHCc5pJ+91rcgFaGmwrYeP3eYzh//Kc1NDapYo9u71rd9gOnfaenYsCDcLHFCqJ+fJtWZrDyrD+EGlnLwbnYO3MF0E/8cpUx6TlK77LUxS+XIZiRLB/e4uWsPjZx8XAjeVUjLNWTi3M70M6ZfI1XD2JjawiaQhCiX+au1OF0QQMdja/eV1L3nNSIFC4nP9qqwzagT0SENh178CY0PPSfmgMuz5qA/YooftSVh9RcC7/9vmUaKZIdkkrMUiHRSD4Ovre8a2fhMMmajo0pLVXgkJZ1v542/TE1nD9IggzE+M0JuX0gljJcnIMAL7RqMDbUaGYSf1fZAWQuqJ4DYteNm6t51G/nDHZJOJnG+6ha92kvvB+KMHdtuoHBrPw0dfZBGTz8p/ppCYnsZCwcygrf/3gZhZRd6mvwT08+XZ/uZYuMFwu3Uu/cuatu6X1TPdGJaqT82AGtkEBmS7oZ9gF2+ff/bJSZ77sh9FI+NSlmXUd7e4GCOMv0WqSZUNgg3eCH9DBn2u8vYZfF6okynhW2/bVe9ifysAgGQSD+zwVc3aKRcOkF5p0visqHmrXTq8Hdokm1FVULlpTLCGTig0WgZlTJ1n+7maKBdQqv4h8oBIE5QxP1gA2698k20+xXvJW+wVbxxUq9nA7DupCL2BfuDCpTdN72XtvKhCehlM3Pl7tduzS/7bRBuzMKphq5dvWUooFIxjpYRO65/J6ugr6V8Ps/23xxVoG1DHfO16keD6gaHFPMupvn+NXUmFbFP2K/ePa+ly254l6iqynQoy1kDfvmm5h9bHV3HgusSTWXbrG4gSo3SyRhF27eLjYE2EqiFU962zQ9A1cTJKQybR98ZlFQh26fQ/InUfSgAEK93ulQCtry+LjKDlBmRTmaotfdq8WQfP/A1mh49JjWaZZRKAYiPkIolP1WXB2Wdxwl7tUoxYHXjzHxGAu1tfdfRwL63iLsb4YjNLe0c8xIPAMpkkorSSckEyubS4vwQgOmq/gL4EKtzuVRRrsfD5A3yv70XO7SVCch5fpp/MHWHuIuSeS0LDppMepZOHfwWXTj7NLk8wXIrMzASDgXDp6u1L5shTtipT7B+6/ZfSopNe3bdwTbgGxVDSuxvc0q/gsRDeCWF3jCsfqf4wMnoCg+ocxcBalzUFDRYUGZk8mtT+BntKvi93ACjL0iBQBP5/GFyMkil580Kh7W8Ty4vn6W+k27T6FDtpowFn2fmTcrhM/lnvM7htK4KZ1Ix6cezU1TTCA29/DCZzrx0obMoSDDrEe0z0O2trrym9QzCz1gFoLIhEnLq9l91N3VfdivlCpkvm875YswzejadokRijBJzkwy+OWFwSAYADx3dHC5Xyfcq3B6HBkqG72OaAR2fnSAvS59wtJ38DEiASqSp9MUhARQ+y+V2kT/kJ7fHzQBm8rhYtQU5da8aVnF1P51clm3yTJbfH2pmmg+NFB8YWb4eQ0tmx6rfFd5TZNpgjz2+KJ1+/nuy704pHrYMRPDVG20Qll6fIuVetqSKQf0E0w1c8/OSl4gAsLSV2GQAdDpdwoypFEAyRvG5KQGNcrw49e/X6cQpvAcDJ5GYFunqC0RZMrZIdzi3181qq4eCoQD5g37y+liVBQA9bgGRSCVTt2Q0LwrfQgfwQtvFTDpD6VSaD5AExaZn+XriAtCChFzhC0r3Okjw7t238+f66eTBb4gH3M3qqUXV+Q2av37NBuHK62NM/8Ei1wgAwYTbr3sHtW/dvynjfwUvZpoBNxsbozmWUlA3wdAb3O3sopqp0QOplUwOs5RzUVdfD7W0oUcq7EiXSEdx5qCfTg6SzmKbRgMHipOC4aBQS3sLJeIJmhqbpqmJKQEoJGxxVdUQkwP73DFwoxwax5/+qvCBZNhYU03BX3C1ftAG4fL1Qas3BhuUYYmAMpgdDMDWnn1i/8lpuEkAKGolMysSzWMzFwSAaKvokIa87op9bjqVkvsYCIWpd9sOau/qoea2drYR/QK0vG5iZebWjvC8edGOxF4GWLKGGJCtnS00NjJOk2NT/FlZAWOxw7eQ/9u+9TpptnX86a+xBsQS0RuwaiOi2TPGuH3cBuHFdYeWghYlYFzsoh37f5HaGIAIQZjCFZsDgOIQ4euJTY8KpVnFFpWzUpIPnbkzbEezFhFtbqWerQPU2dvPNmFU1Fz8DupjpT4b4Mbu+QI+6h3ooUhThIbPDou6upJUxH7j4G3ruUas2pef+KLkATutS0Tw2zOkpg/X7rCtkxAFeoEihtNdGn/KCTOvgvZpFXSTVL0rp4tTbLGpySFKxmeURHRUbiBUOpUU9bO5tZ22bt9FXT19IgUzrIoClGa1u8cx3uDkgSp8/uwIjbNkXKj+FtMY3L4wjZ09SMcPfFXMEdiLFr/3EKmR5hve47TRQhRfIksFuToMwYDbfu3bRBVRKujmkICQOFDRpicGRfpB9VRB9MpcWzabEfurqaWVtl22h7b0bSN/ICjPJ+KztbunjB2xCxl4fQO9Yo+ODl2QcEcxD6qSiDPU1netBPhhI4JPnNbyTcF3QMuttdr3egDhn5Ga814SgPm8ajPff+Wb2Ci/aYEEbGwAFmy/ZCJGU+PnKMFSEICshOopmgTAx3ZfMByl3Vddx9JvJ9t7AWb8FH+H+EVxVOMFFRWg27J1i3hfB08NqXjmMu+p9rjygdyx7UZ+nKPTz31HJKfD4bECxFeRaqf4x5ciCO+yeuHShoLV0J5dt1P3rlerxkubwAsqaiZfw8z0CE1NDEl5lauCdl8qmRQmHth9OQ1cdjlFW1vF3kvE5+owh1R5Xs2MSW1d7eKBHTpznr+nWVQ1Nc2s8AXqRDOpGRo8+gC5vS6r1/VfSPWsufdSAmGHVkOtcI+oG1A/+698owTiN0McEKpmLpOmifEzEnZwsESsjNfTkCwapK11dPfRzj1XUnt3jzB1Mh6fl5D1ugpOo44e1Wx56MwwOclZBIiqUTPlnKItwVl34fTTOtfU0vWBH5HsPXqpgBB9QVss6E+iZkTbd9C2q98i2RfIhDEaGICSHcJgS/F1TYydETUU4KvENSnpFye/P0jbr76Ctu3cSx6vl59LqGlQDXIfCx7Uju52SrO9eIFtRCQJGMuUTUPxhydA/Ve9hVLxKWk+7PVHrDhqWjRf/nw1r61WpUwQ/W+15IhJxckbaKbt176d3P6wpC41LgB1Shnbe3MzYzQyfFRyPV0y88/YcKBnWMrC9uveuo1eeecbaNeV1wrmYPcJQzbYfYRqmmPasrWLmjuaxLYtNEVQl2LOQxKhCo8vJHzj8TVJiMfi9b5V8+emloToD/ohSzddz/pDYWegaYvUBzayD6Ywihq23/SkmhKNKbjrnWGx+IRX47jhZHF7vLR73zW0bddesT2T8Tlq9AUVGtk23Vu7iQUhHzQZcmqP6dL7wL+l5tYBMvK/QAcf+LxUlFh0doE/P09V6mdabRACQnAHR6xIDbSkQDUE0tGkHpAaG4BwLk1eOCnZL/CGGmWMD5PJv3mVCA0PIRKo8Rzc9oYTCduF4l1Dfte+pYf27rueWto6BJDpzOZpYJxj29bF9nRrVyfNjI+ubtMaSdpx9S2slk7Sc4/co2zu0hIxovn0lVSFKT/VBuF7mG6y8sI0q2nNWy6n7stuE69oI48bg/qJGQxjo6ekOsGxxP67WIOnim4XgU1qAEmYThKlfT5yy1BOlb+JGkB5zuMRyYcgt88XoGhLq/z7Yshhcy0kEaCMyR+M0OzM5CrJDCbzUpx2XftaGhs6TudPHCJfMGrlI27S/Pr5zQTCVlITWEvbgek58odaadtVd4v6ls8mGtYTipMXA0XHRk5KFoxDAvI5XYOX01LSKWEDPLr49YjZIU8Tj16fnzz8s5cB5fJ6GXSKXAI6j0hAVYB7URUVLYLBi0yYzbxwUPlDEbZ7k5RKJVYEInJvvf4Q7XvV22l2YpjisQn5twVHDfgVjcXGNwsI/8KKGmrqrGC0JZS2FOgr0qAAhAqKyoeRoaOUmJuWA8XhyImk8gRRPOsjvx8lQSEKBEKSKuZlwEHKqWC9Sz2y6qqKcPML1FG08Li0O4ULiNge9IejkmJX6BhQzEmVTsxRtL2HLn/Fm+ipez8n4RrDUdIvCX79CNOvbwYQ3s70G1ZeiHBE1/abqaP/+oabBVGoMleV405KsR07NXGWpZmb2rv2UCgcYaCFyBcICvkZeFAplSQztSTTP+tC2EyO7TnTJHutcM8ZTG5WyX18gMVnptg+dq7ojUglZql/782slp6g44ceYCkaJQuePtQdfoEqmORdLRD+pZUXYSagP9IpGTEIyNd9RoxJ8xJKvHYuJ0syr8ThvF4Xq5gR2r6nX+wWSDeokUjDyul+L3hMZe2JTxtx+PmDYdYMEuIBNVZQS3N8r3PODO267nV04dxLDNpxPbi05CEHaXhjI4MQZRc3WPH+gdDiDq3p08n6VEMLgJMqdIchycVgAH/AxwDkEzmgQGjMNzZyiLcSfyfVCrZUqwAI82Jr+1itn51iEK7QVM/QJXDh5k7ac+Mb6akf/avUJVpQS2/QfPyVRgShR58ipaVgao5a+/bJcBYEWuspILiwmRFAF4gEpbUDqsJ9DDzUu4EKr0Mxqr2qfTjm+BAMsu0X58MuIe1OVtJL4S3t230jnT95mM4efYoPzoiVj4BPAz1MU40Gwv/MtK3Ui9A3xBNoot7dd+obmqk5CAudwbDgGAlFQ2zTwXniFwBC9Sz0U4GjBKU39qrpSSmxVx/U0pQOaa2gSeWzaclSgjQcHz7OwJ2V+sMSazvT+6kClfiVTFtDy8IPlHyVNO/JUOfAKyjQ1F1zKYgYHQAFgAVDQerq6aSB3dto684+6uztoFAkpO3XrKoGl+a6topZFzhkTcXj9YmjJr9akTe8pax5NbX10farbqNsNm01bfB3SQ2baRgQ/jZTUwkESm5oqKmHQXhjzcZSF5KDASxIuLauVurfuZW2Mfg6ezul/4lDurpleMOytl1Xxw4a2HfwPEuNYQmHC5plDVz5Kmpq7xfPqQUfBFIuP9goIMRp8R9Ln1xZMaq7dtxCbn+0JhNyBXxM6G0CwA3s7qfebb0UbYmKPC5IvEJTIns1gjRErNVTMssKHcr9oSbaec3tyqywZsv/ZmnhUh8gfK9WR1eXggy6aMdOmTUgwzurtlMkEg0E+w6NhaBydjEIfT6fqJhIDLYlXmNKQ3hKvb6AJTMBErD3suuorfcy6d5nwRTqYnp7I4Dw/RasL4nndG67UXqBmPlcVTYJ3ssMwBfwU0+/Al97V5ukjYnUy+Vs8DU+FMnj84ujptRe5iXY76dtV9wirwdfWli/U+8gfDOVHEVlSM9ISMGmLXtFN6+8mmKKdEMoAfVo2/cMiO0H8IkjxnaubJoF0wHJEW6vTxUul1hQS7u376P23l2UiluyDffRBrbSrwQI/1Ppm5QhA3PK+68nl8tXcYdMwaZraWtWamdPp2SuQPJBMtprEy4GEryk4vU0Szlo0koaXnmLSrC3lsX0e/UKwpuZXlsSFGwLRlq3UVPn7ormhxZmHni8btq6o4/6mHx+rzxnO1o2uTTMqXCFU+fmlrYNY9TVfyW19uyU+R4W1l2a3+sOhG+zdEixLYimvU4Za1UZW1BaIbAEhPTbvmc7Nbc3y8ZkszmbQy8Ru9DhcpLL47V4YOdFcm7ddYMutra03l5vIPQxvaPUi5CkHYz2ULRzlxb7Gx+Yh3MFHtCuvk6Rfh6vZz4Ab69LSCNl9nYxsEyLxfHoWdO17QqKtveyhpawCkJfPYEQHar6S6mHmHHX2nMVef1NFXHIZDM5STPbetlW6urtUnPq7VzOS1YaotOAai1SGogo/g2EW6j3suvFTrTwN/20AZ3ZNhKEd5dUERl0qJhvFo9ougIAzIr9h2yX5pYm+bct/S5hu5D3Hr1d4Sk1LfkATGmfv2XgKgo1dQgoN4LvqwVC9PN/S2k7LUeR9h3kC7VJ0vZGAxC1fNt291O4KSTDRGwAXuqC0BT/g2TPWFRgEa6ItHRKuAJjwi2st5ClOSqVByHKH8Klbgjcv2jeZGywHQgHDOw+eEADQcxUsNVPe13kO4BQagZNq53tDNqyY59IUQsHeVjzf81BWHJeGpodhZr7KNzSv6FxQThhEHCHAwb1fXZJkb0WAypPTtiFyJ6x6KBBVU9r13Zq7hxQnf42gP8rDcI2pltKX1haPKIeJGpvEAgL/Vi29HVRJBq2AWivojxSaJZltYMoeNUXbKLOrXvFRrSwbtE4qBkIEbBsLnVR8IZG2wa0FNwYWw12YFtnK7UyZTI2AO218lJzHi1DV/i0recy8odarACxmdYRuN8IEN5e8pJyaQpEOinY1CNxwo0CYCDop86eTt2NujpOGGO+07VDUt+kZ2hRUq8RwusNw0ZCrRbfe7HvyvgTVFQ0d/Sx4OiWyVkbgYOV1nrbW4CzXl/qVEFvSCRro/O0ig2ujyFVuYqDOvs6ZXhkJpWpeDG+auzkUL1m+JTMZtIS85RGvnB/66a7pEEqAGUVCM1/HS7XPGCx8nk7a6eqGOT/oJKWbUu6PNTRt5vGzh218iev14xtVhuEVzDtWfVi8ojV+CjStn3Dpuoi+N7a0UqRpigbztnKAtBQI5pR8pKcm6FMMinTjiTupNvWF86ahUeToccF4auhF6ZqY++VzH430vXItBi7steGbKPWTtRGGZagi/1p69kl/Wdk7sfq6Wx7NB6eqzYIbyul0kJqhFr6ZLzZRkgASCJIv7auNqk4MSs4r6OgQiZmZxiAsyL9BJQi7S6CrLR9kaM0HxyYCwEJjoLTQDg6P6PeXpV3zuC+436X0U9GGn0Fo23U1N5HY8PHpNKihGl321pAuF6b8PpSp0kum5DQhAdDGnPrj98hJNHU3CT2YK6CydhQPQHv2NQEzU5PSF4h1Es5TQ2j6EYr0q3q8/l5VdXUTYdkbgT/OzEbo5nxC/KeFnpe2mv9MNR2vLMsZREORX+omVq2DLAGFLfSBvf6atuEMHCuXf0EyrI95GMQ9soNMM31nfpgaK/PQy0dLfPt5islAfFdYxPjlErMSTnMSiesmnZLyhFjKDsQSQmw/wrSEmorun/lpH4xQ/wTpdnwj02MsZreOT/UxV4VlITakSbNoKwznOxjW88O8viC0k/WsbpteY3GRa5aIBwoZQ+iv6Mv1EqBaLfVPLzV70k2T1EGoD/olUTtSpry8di09B9Z6tqenxOhM4DcPq9kZIDwWtUiwdCnprHAVFcTk+DMwfhqtGwXcDfgxNzGNAoNvTflHXbp5By1du+gSEsXTV44J9OcVll7NS6OVQuEKPH3rW6/oYtZiwBR9RNd32mGdoToglZJTwxOSzheUmwDznvUtCQj8bKpGjUUjGI+HoA0L+W1NDMLYCVzicPGkNcHw03SOl8kLlFJKSi1bt4A+YKB5TxkoEgaKu60dh7YgF7NxCDrtYJyqxEjbN3ST2EG4fjwqVJ/4tO4qBoIbyiphzNz+sOdG8IY8IgCgOgBmstWVgqSTMXNKrsQcyf4EQWfAB4aCEHiFXIRkalv2dY1TQ26nFZ5ydLJDLDHJs7TiUMvSZhn0VvyQefxB6l9627pKm2HP1ZGlIrXFu65YfkPoZIiZnjmxSetaC7AxderBcLbSkkuuObR2He9TZRECvKNiDZH+IbA2VM5+ykv8SE3eQMhlt4p8gQCDLyATMfFWGrYgKZm/vVek1X7FIWpJw49SI987e8WT5llXkjEJmnHtbfT6371w/MDSO1VDErmvN2u5hhaFp+iYbT17JxP6C4hVG6rlmMGeXJXlTr10cTJF+mg9aapmTmTT3sPhaPhCktB0iedg0LRlvlpP4b2auZztWBwQzI2YhMjFGrpXGaT4Dt2DlwpgzITM5M22kocaGvQi2Q1sST0+ELSK9dYPahwlcbHmGUTaI3XAy9QaHXHUpb8oTY+xQPrPp0hnZCgjXaF+Wq0JtSnHdSQAvhq5r0UyZ+m6dFzyxQo3FfYitHWLTIOzPawllBHHeWmDyrVEwcdNBBJYStdjB7S+KBKg3BvaemVIW+whZxuH/6x7hMsGAlW1elwcXpubRfS3iAFMW576fBL9Ojxh5so3NpFmXTKBlpF9BAVPvLwYQcPadZaocDeaoDwipLSK5dlELay9AqsKyskp+dEgC7F7BKEPqZYCmJ819IYFerefIEoNbX1qmwee60q1STtzCgjvdPUKixLQq8/IIedxbYsV1QDhDtXlyJ58eJ5A01aeq1dogB48Ih6fd5LMtfSySr4zPgQpeKxZSCU8W3RVvKFmmS4jr0qYQ6ozCmAN9TUqdp0lubDnZUGYYBKDP4UW8UXlhrC9VTRq+Rvp6SoKfXwElOFWP1Elg1ACLt0kTqus0CaO/tVVMU2By2ZNUbZGHTI3+RYDQ03tVMg3GylKH2bxok1bWcN14KmNltK6KJ8YvjJ7Q2ua9ALgOfyuEQS1qxdvY4LYYSWy+NYE7MX4vbSfJjVRqg04qwq8WZwic/NTNDs5Ci5vL6lmpI4Grp37mNbxUvJuLeoOqUTfATE+FyosKt9Nk55JCP4w+E1O0DmPxOTrzIpYdpG1WIKlRM5Nq98wYiM5E7FZ4iZe7U/26JxcqxSIGwvhfK8gNDHjBNal2cUIPR6vdLEqVZOEtQCQiIffuj/0Njgy6Uy6YsZFeJccXv9FIi0iKu7uWubeNvgQU4n5krYg5M0MzYoAfulpzqeO/rUvXTupQPLbBVTB5lRE+f2BSgYaaVoew9//lZhJoAxk5xbFnhG4H9mbJge/+6nRcVFz07rV3vxM8GsoeZOau3eTuGWLeRmmx75soi91iqrxzTLr7lxOpUdCR8HDmLJIS2dnBHQOKkYCDss6JHMID4JT1hslLPi8gd9OomlNiAEo8dZGj3/02/SyKkXZBPKdK/pxG6XZN0AjEiB2nr5TXTZdXdSmBk1MTtVtNYS6ujc9BjNxSb5Piyf0oz3PH7wQcnLLVbrpgqRVUK5W4+RDvFnb7vilbTrhteRl8GIGsmFoPD6/TQ5coqe+v5nJGHBMJzlq3wsoSHF3bz/ADXmO+y49tXUf/kr+T3dMvmoUdLrCh5pcTQGWBL6glaleodlHlvD99pa8vR3GMysEc0Y5jpOLpI5gg5d0V4TScgMHGcQwDvZ1Ll1vjq+XB2tUHGBvpZj516m4ROH6eiT99L1P/crtPPaOxgMMZlWVQAimBQhiOnRsyu2iMR74nQudRMLJVbpVIIunD1KQ8cO0snDP6Vb3/F7LJW3XgSinlQ1Mz4sUjvA0nOtGyfd1lkLQmjl9POP0qnDj9C2K2+mm+7+NYq29crzVZeEBV25DMsQSd+4/4hVI1sL90TK2Uq/TX8lHTPdpTUwp7IH11G6JPag28lg9hLV0OmA7xEbPy/gcayQ/HuxlnAxLRSHBWkIyerxhyjIRv7M2BDd/8WP0ktP/IilUnixNDMMKZ2ZunBufVJDS6bCZyPjBt2lAcRHv/kPlE7GRUoKM/DnZ5IJmr4wKCplSaNvIS3cpEXS0CfeW0jdE4ceovs+/z9peqxQjVDNjV2D90onbCx0FPpDUZWwX/q7b6mkJGwpgUFhJmdZtlMx306eguEAb2INq88NFW6ZHDmtD9Cl6qJB8dkEpVLpRZtiaCme02luwVCA/H7fMmnhCzeJhH30W/9EweZ26t5xNSVnp/XnMAhzaZoaObP8cyEl+Z7gbyFtlkrKwuHnZJsSQWYq0vg21NxBgy89TWdffJJ2XfdacaAAhGk2H/CZy+rm8B3wmQxa+UzDWH4Q5XNa9WXtBSVghc8UT65LDh6o9I9+85/oNe/5Iwlj5XPZqu6lWcbhKzWhEqIw5yWpNxDWwCwpCiuqjjaXEvqGlOx413XPoLq5vR6VqlazQZ7q9IQ0KublnY3F6ap9u2nftZdTJpNd4NY2ZATbxPgUjY9N0stHT9KFkXFqa2+ZLywtMCdsTNh9zz38DZkIVCiLQhkVQhOwF5eqwAA3ft+7+zqWKOFlzi/UcaZTSZqdOE+xqVFJQF9qM0JbAQjGh05Q9mplUyLhHvmnczPjyz4TlSL4btuuuoUC0dZFHciw3wBxcnaG5vjzJhnEJmsOPrahLmpD6pqh5gL4SEi//JVvZlV/onpaTd4sQxqqlhhy38yLlwAJblhTR9sqCcLShgIkodu/ruCVyRsLryjq93I1minoYEaFtAEzL5VGsJ2y6Qz94i+/id745tes+j6HD71I37rnXrrnK98jH0tE15JKfain5088R6NnXqSugSvZRpuWoLDKlJlbJpXg1Qx29NGr3/lBCdYvTaUC40DCzE6M0MEHvkLHn3lAq5zGEibj64vPiNoLaYrPmRw9U9TRg1FhkbZutul+nZo6OlkiZpZJZymGZgCfP/k8PfvAV2li+KRc22JvsxrOcvr5x8UWhtpbieFAy49TQ8rOyGJlfUESOhZIQpnyxJpFQToa6xJWFZWE6oLhHV2PHQbweb2emqaqQZ2DKgrHxdKWeRl0fGtvpr6tpWeBXLVvj1AymaZvfv0H1NQcXaTOwW6am7ogTNtz2T7tlXWx7TQkE2ThlVuqJQSibXxIsRRF5USxw47fv6V7K+2/8900fOxZSsani9p5kIai3pLqVD3NUh8OHO8SLzDim8FIm4Q35qamVtwXSPbdN94hYZh7P/thmuXrgiReqIZ7WHpDWuL6WroGqgJCQUxetUSx1NfHJF1B41ikBckIbmuuFMuB1rU4ZkJWJKHD6Vmz4Q21weVyiiSsJQjdXq94CqESLm1zAfUz2hShHZdZdoLRu//dW6mpKbpIdV2gw4oqCKnm0F3Y4LjJLe0OZiq3eVN7r25cZK7ooUwlEqJiwoNarP4RzOUNRiUWqmMpAsIcq5ZLGRXfAbmTsPdWi/1CLY1NTlLrlgHxhhZT4zEbAhJTUvFczirtpiHf25qz0Jz3jC/UgCD9kMgAX4CFFawkCP2l3NPK2+1cs+/L1Po4WhvWKj5YcLzE2C5Dn5GlKiFA0tPbRYGAdQdUL78ezqZiBwvuF2alI7MFQfq4ZMqMLNMoCvcGQf9ShxxO8SxLNUhBo0iDIkjUCAMLqi+kIGxB2KdLG1upLBqffKZypBgleRhZMhGUWBWROqIa5rOSMFA1B+mCFiUWXqobNzsl5r3wulyiTRhWvndF09bcVk4dw7GOE04u1iV5o7VaAF06HhdJWPRa+DtetnvbsqePnRyjJw6cElvi1ldsp54tTSsdtEVVyIIanBiZoJmJYfl5meOLmUNAWCJ0AekVj41TgtXppY4WgMkTCFO4pVO4TqneZ0R9dC4Fvh4vpkCYK2cbF/rMlx0QqvFSFQ7T+aLsPFk0CFVYx7V8wq+hu+hZCFG4KwlCS27PdYFQbAttq5i1UUehfqJ1xDSD0O1ZnjIGaXbZroFFz3//vhfo7z/5MF2YmBW++9q3nqEP/NYddMtN2+X38JZidmIxdQZ5llAb3R6PMCikUpylEryfS18XYNsMXsbSmRsGA+usAM6xBMxQG5HChuAz1E/kps5OjYptuvQz0RPH649K+pkldc5Q0hMOpmLBcck+YdvRrTtbV0UV5WtAGp7VFG7wL7SDpSB0WG+nbzk8sBZ11GH1wtcFQmFGo2aBeoAQDhnYZc4leZsAIOzVbdv75p87OzRF//uzj9BMLEk9XVHqZho+P03/+JmHaXpape6dOHaG5ubi5FyiohWcBZKN4XJIUys4LURtXeaVTbM92C3xqlIxNrznFECYWd51GiAMN3dIZQDUQoAmxgcOQg9LVUh4TyP8mUhBs5KQX/gkdAMolvMLVRVhDnUNlfd8G/pQWFaJspp0QjOvYskZ1hMnjEqC0FID0fXWt6GOjmqZXmga0uEsk5rTMwwW3IBEkvq2bqGuLe3zzz1/ZIiGR2eprTU4v1edHRE6eWaCXj5xQZ479MwLNDU5s0zNhiQKRdskpzSXycm/AZ5iKXLocRJp61FJ2KuU1Bg66Xh6bFA7UhaXQQEc6Fnj9qsyMYRCpi4MiuNhuZROSyt4eGOtJORDiiTjM5KDupxpDRXuaO2WFvNV8Yxqpwza2lsFEZxHxfivjOSCVCVBaOGurX/YidvtrmGSryHdw6dGz2rn4+LvEU+kqH+gh5paLiZV+1h9dhi0yOmSy6l8w5ZWFWJ4+snDuuPX4vdDFkqkvUcqDjKppGw04nXFslIgpeDwQAhjtXssZVCsXiIY7ljiaIFq5mVARRnMuawadIK0PFzv0paKShJmKNrRy5LQVzJxAt8RB8To6SMizd1L1OBCf9bWnh3kDQaVc6YKSyofytCqXOC/IigUEFrLP01XEoSZUrJfxURzaxJkitEMCVHUzi2qvodKV1u+c8lkirb29y66vv37ttJVe7fQ0PkZ+ZtczqTB4Sm2B3fQ9q1N9MSjT9PBp19gQEaXO1qkLvBaqVrA3wI4ienxZXY1pAaKSlEJIdOoVj3JfQyCYbFrl8YH87pXqTha+D3hIIHqDW/sUmcJpC3URlR7mEtzRIsxL0tSMCoSBDC/wbHks5EIgBKn3l37Wfomq7KdpowgyFgP0utRBsucL4Yq05PnS79ZDUE4Lwlza7YLccrDDV+zGkItGdBgyViyEUgZC7BEGBjoXfR8JOSlD/2nu+hVN22n2GxKpOUb77qS/vuH3kyxmRh95M//Wa7LuYDJIekg+aCGDlz9KlHTVA3hWR0WWd7YCcnQ6K6WyaZK3sMYg6ooCGHT+kOSAZOToTROiQ9m+bssAz4zL3I+Q0zZ1ZpJSYd0DwUjIXrpiR/S6ed/xt81ukxFxvDNnsuupbbenRKSqdayOqK9MJfQsUIMtgx11LKIX4t3dM6Kize/RptQAvUSo6kdCOGuR/YKvHtL1bN0OkMtbU00sKNv2d/tGGijj/3pL9CZwWkKhfzU2uSlqYlJ+uDv/Bm9eOQ4tbU3L7omnKoA2/673kMtW7ZRcnaKApFmqWJIxmPLeoxCpQqEWyT5OrPKbA9IVjhTZsS5U8QZwc+FGcjIboH32cOnPpK2swzspUXLsE/hRAlLp7F0UdsT9wtFvDigDj/0PXrie5+RuOTCZIICAOF8uuJVb6Vq9eTA5+K+4X5YE4VKFcUBuNRpZOgesBK7NjYAJ+sA4WTp6zDFgbAmEJLqK1PLkWEo+ZmW5OnpZS7pdCpD21gKXnv9lStuen9vE40MDtEXvvEY/dvnvk2nTp6l1tamZWNc51jlRBL25TffLVKwUPmNxG3JWglGlry3U5wycjCYK0sRfGfUJ86MDxZNH4QkbGYbD3ajVE/wvYYDB6oinC8LVTNIBvSxibQF2cZML3JsSOI2S9K5qTEaPHqATj33KB0/9JAwK1LVLh44KsE7lYjT/tf9iky/TcxNVceyQMKCTFW2oJlpmxvayEpaN+x3aWRWeqbFZCVBOG5BnDETJdY0bQinjNLJa6iOuhwiRdBLBAnSC5c/4KO5uQT9xYf/XpUqFWx0fkymUqx6ztLY2CQND47S4LnzFImGpHpiYaMqCaLPTEhq1y0//35JBUNqHKRQYnpS1GDnMoeGKZkszZ1bF2dxFJPkKETm94eK6VoW7FfZKogRIgsG6hUOG9iDIrmMxQcK2nCMDx6nez/7N9qTaeiqpryAFhIb5VcAPNRVvF5VgpgXfQQsefGaK171Frry1reK51TS6KrheJOBOWqycqnkALnHbkxU9hSPX/L3xag8MbVKx8HHKwnCydKeRVPPpl+bYwZ2E06aWuSNou4tk0xJIW+hMmDhwnzEmekYS7hvLjskVDV5XiS5z+eVEIaxcPYgfmbmm4tNULS9l+54z4eotXtAKvelBpNtEYRFVLqad7kDh1+DnNGSmTLMIAn+jLnp5Z5RU7p2+yVTBm+DGOjk+VMCWleR5kWQlhPDJ+j8yeeWxM0uFi5fbN0RuKjT6euFhM8kZmnPTT9HN939myqlDXZoVQCo7rdUmVj8OBx04IGVkggQspLfGevFyfpAOFHi4FHeqHUY3WBiSMJcDWY/4CSEMwPpaq4ihckiqVllaWqOFLl2Y9nmmAtsIpyisAH7r3gFvfKtvyVqnqqnM+Y/GypqbHJ0WS8bMBO6bQeb2kpnmYhnV2fKLFGnJc7Y2k3+SKtILpQ4oZvb7MQouXz+4ociHw7+kHuF3V75OxQS36973fvo2rveLZoAZj5WK/QkDjZWg3GdDovmjQd7vkKrXOwv4qlKOBjrwsl6QThU2r2fkxPDMNZm16lYWm3sQXRGS8SnxS5brsotsB1WsmjV7LN5e0pc2gwGOFLg5t93xy/SVbe9TRwZAPv8ZhoqoKzswTQZcMoskLRoc9/e36OKeLPZkhIAvWnmPXnzkpjEGxts7hA1G84KOE6h/qKi3hMIrXi9K5y2ev5p4VrzkqSB94XE7ejfS9e85peo/8qb+VBOSbe1tfLEWhds0bwFVbQwAk2qJIpjUEJnSIY385bCb8OVBOGZkko4S4t0cmZBBzFrtl1h7JSyB2vkleHPn2PJgLjZUu+kMvKT8rt5yVfk7yF9IAFgc3l1KKBn1zUsAW+mFpZ+kIjx2NQiieCQiockDR8/LF7SpQNGkVi964a7RBqu1iaxUNA7fOJZlqjnKZBtmX8fQAZVEvCw+kMhVkFnKJVEpszZIoniyssKDzFUSseyrmuqnaOq0HfK30Ml9QbaqKV7J/VffqM4nVBdL02dzHzVAQjwpZIJS5IXr/UF/KKO5leoz8QwImgqxdIJi6zTlQThaGlGVsyK6bwG9OsywhU4baTXYy1QqKURHBpFT1WWFkj12nPTG+aTuJdLcackQwN8SLJGZzGEFArewjgAVmSiLn6Xzaapc9te8gXDy/JVocZtu+JmlQO5WuoYvy9UXry2vW+3HASLHWYZ2srqMALlcqhIY6dzkiu5zAkRn6W+3TdQW892aZdRDIROp0dsTGTJIJYY7ewjf7BJ1NxsKqXtXYOqnYMIbQrfGV5ma2qVIY4xNRi2SA0kHzRw1OEAtei5H60kCJEIidnXgZVvANq3MwhTszIUJlcGCB1S4lIbSViwZyfOnyl6CMRnp6Vf553v+y3eECnULqbVqIwhnTAs3bYxpz4eW+SyX64F5OWPr7z1Fxg4zmUfj31PxpUUXo0JRFXie7j/9e/jU91Y9j7gRwAQAEPWTDKhktSXTwDOCl396rfTrhuvoRU7FC7o8J2XeJzqMJ7VcczapR46JCSCNLuSXlHUS/IhhEnMK6XlQbuZnRpjYM8t67JQZMU1TipqE0Lf3bHy9TslRAG70BfusP7O2t0vLQVqUT7BnwvbBUxZDCSwEXHaJ2IknsdKHANS/jO32le0ptIpe3P19wGhcgLq5tL3RWxNErxZgk+PpkUSN8qCEIAtiJielfsFXsMY9NUmHcNXgAMwVaTnzwr24JD146L8FS+l70qVeDLGX3iqaELwajdD9cisTaAep6GaBbi8w1mh3g/Bcosz6hqAWV1SyAs1eKl9C69iMNouear4udFWkiW9ldIllSvqYls2uOrBD8817HKo187SPH1a46RiIMQ6trpp5ZBpTKn4lFbBrKskBpU3Qm5DPaPIlBkb1L1PFt9opD6Jk6W9R07ZTQFCVtNQ8yc5o0ttVGbgUHM723cRyVltJCmYlpYe1mw3qKLwVEPLWamViqprNRmEI0X775SLj40C4XOlN9hFqblxcc5YjdEUhjI6rHU4rgAInTJ8Bd7JZbMAWU2BowXqaMkQQUMA0CV2oSSpG8bihkbS89UniQGNNE2pMN4cHeikiqeUFJTECjcfNCENQHNFjQGgnhk/v0pn8vLwsREgPFJSorHITs1NsJGexD/K8lDWoqIepxv6iCJjpRAqWbqgijplSlHjDwPEyY9rLZYpI/avxydZPVXrkL0B+4dk9Ng0Dv60hZkhpp7lEREgrpYAgZ4+8DjP8P1CcvdG4GMjQHiQabaUvZGYHdOS0BoIxSY0VAfr6tuDHtH3VaaMr5iIlrxNcWFvgoGcSOxGTxnQ0hghQi9w16PeMNcAICx0NZ+dGGPpPmepgRQKrhEK8gVDJdMjpd4yPiNFyhYk4azGh/W9WON1jzEdZnrlahIty1IwOTNKgXBXGTahUZNsGWRKzA6doKFjh8RbmF0QFzMpL6lPCLorW7HBUSgDW3gTzx2TNviq49rFX6eTsxTeuU/1KzXzdQ5Ap0jr2NQ4f++EJQCqRlOY2di0YKDN6j4OVeM5awWEhzU+Kg5CrIdWA6Ghk2dnpwaptW9fGQyimKTaNiHc2ZgB+Op3/r5STxbrZ/K90H4i3UCu+tVWYnaGenZeQ2/+7b9aLglzGZnchETw+nXKqKQOBOQBQKT6WemEJl0FfEEKN6sRZ6WLBFTi/IVzL0viucvttYILqhYInyx1k+DMSMRGrJckacfMoiEcVVpShhOK0uU3v2HF18RjM2rSbA1rHcu1k9S9NBfHv6TKJU3tW3dT756rl1dGGbgfuYstC+tsoKcMr2FKzMXECZPX06BKMVf5ANR8jMlckotrqfzqyWqC8BCpzmu+1XXpCUrOjpPHH+WLSFu8yTUy7DFEZWqi5OsaAH6S/oeMEUh4xD99Mv/QWFDV4RBnA6juNmMV7arQNSAxOyEglEE2jtJ1gvCEIrUuGG1eMeWwuJnik6R6OLGWloUVWUmNi/JU6nXck5NML6765qw/J/lmxaeHijg7Vr/Z9loIKJXdYhUQDkm8jtHs5JiEIWanJyQDptoJ1Bt7SDrl++NgmZkYFXVaJGKJQ1FmEjIIA5Eoq9gtKjXRctjFFNtxbOikdEN3l+bhFzUuqgZC6DfPrA4mF9sUSWaGc/M5jfYqD4BgBJQfgUiP61oJjGoupFsYdW56csHEXI9oJWYDunVxoKhc5BTNTI4yGC5IErqamLT6oST9dfhvwy1tFAw3z5eYlQN89CodO3dUOsc5S0vCZzQuqqaOYj3F9KurnSROl59BeJbSiRmZ3mtWpdnr5lkAE8qNFMA8FAhF1KgxB13M8Cjk2zLDxGPTUiZV0CTRejEcjUgIxkrj3vqyZw2R4Km5WUryPVBpaA5LqWiQdsgHDUSaZIzBWjp9S9iKbc5RBqF0Hzct4YGqDUJ4gvKrSVTkjsZnzrNaNEkhX4hKTk8oBOttKahAlM2wNpETe0S1YUwJQyCjRdzxuocLpAM8hSj+LdhOsHERjPaFwg0DwMIoajSQgiqdRCUEhphqiWgFfLgvAJ/Ml5dO5Gu7dkjbGKuh48MnrXhF87QGz+hGgPB5rQdfvvKJhtMsQTNjJyjc2k9W5gzbS2kRCOYF2Y7JT4xJ38xCL8xkYpalY1wPljEWeT8duskSGM8XCFMo0twYR05B8qXTknwNh5JMEHYY1mJ/DD4Etrz+gIAP0q9Q7b+2269U/+ETh1kVTSwr8F7BHnx+TWBfP6fQD0vaNXwjpkePSfyJbLvQ+s3Nq/KpaGuHJBkLU6EgWB9iUEdNPX1WjXZ2KmZkZg41NTO1zr9PPYMPdh/UTsT7psdHZJRboSXFan4EUx8+eEQtYLilg6ldJlsVnl+PIwiJ+ueOHVQ9dEvLjR/SGgNrrg24jw8wfWDVC3JCtx6hualBCrX0SyqbvawDEapomAGVTgbEPkSOqzAZALdgtgVA6gsEpfJB2vZpgNYl+HQ8GGVU8OSqAtxcWWonXgvvJcYHAIRSvWNuzDVD5R85fURGIVj07D+w1s/aCBA+Sqq924p6DxwKqC2cHjtJkfadtFrfGVN7sGy7cDEQcT8gDaFuwV6CDSi9Tlk1LdiBWLAB4UrP1WumC6pkdB+c+Ny0qvvTnvPV1E45UJC9grggquADPgGgy+uV5wpNtTbqOyJRe/jkcyydL8jErBJrUuOgZiBEntxPme5e7UUA4vTIUercdqP0JcnlbC9peSaKKeU5ci+dbvHcQRKg4FbCF7qPizBrnTphRGqTav0Yny1kH60SbJ8fca0aGiO/F/1sPPzo1PWeakDLxi6320uz0+N09ugB/ixLUvCnVGa+6EaDEOsrpUDocvlobvIszU6cpuauy20QrguQeZVNhtN/QVvDpXWB9bQk1se2VXxGST95rojkK7SKxIGC33vdfnL7fORhYKC63VziiKrEQi7t6MvP0IWzL/FnB63yP9UahPcxxZjCq4l4OGYmhl+gpq69ZHtJN1BCUiHv3aAaNSVYHYAMJkjr2elJaQBVLOFA2a951c3bGxAbD2o1AuSGLlWqSkd2U7WaPP3CY5IUDslbYsU0/9cchGhq822md5fyOE1fOE7J2TE2pptXbJWP/o5Opw3QVe/lEjtIBukYepBOvaBQuiQ4JNg+i0Tr3OJEa3NBBguGiSK4DqmHmJxcn27llq9aJ3ZTErynxs7R4PFDlkIjmu+H1nVIbeAVfKfkh7FKimTuyeEjfML5bCStD4V8iOUkTFHoyWM4ddVEPaBQHDAGJWLTEnpQUu4iUxeABeCFm9so0tKuslsYgIXeqtX37hqSBHH6hcdpenxYOs1tBN9XE4T/h0p0YTN0d+rxwcNsnGN4pXcZY5mqaaetqZbkcYfEr8SzqIfwSFzN4aiDsISSgOjTilIjKpSn0cW4Hry8Aj4mnz+oahfRu7SGMU2owZgDcuzQQ8rxVboty2nN93UDQpRxfL2k/suG9tz0IE2PvKzbIZpLNYJCDa29SkrCrJ4QpAfKSFKzo9angwAQEnBuZno+11OpzqbYeUgiCDe3CxAvBtxrnFCgh4OePfq0TKFCnNCCRvF1zfd1A0KseyxdL9/0C2cPUC6XWnbamPMjt2wYroI/XZibmR9ZcTG9q7ZSUAAYV8W2BW+tSrx2UijaTNGWDpF8hSLburmn2nl07OD95RwI92zIPdvga0G85MelXuR0o1DyJE2df4lVgOAiZ4OShKaNtNU9XDI2Ts2bN0R9R2Mtp9tT0xQ1h8xrmKO4lFE55m0/VH0g9Q6JBCqLMVdfe2yqJIczLz1Jw6eeXzBncdV1r+b3ugMh1t+WPi3dZDIDjZ5+StKWlnXptjFIpWxrNfcho0qYTAUAl8tVu+nG/PkIvmM8gLmgeRKaKUVa2kTVAyDr8YBFEkA6EacjT/xQMpFWHIm3eH1iw+5dBa4JLtsjpY4ety8kSd1Twy8sctCIjWAbhSWPbqSqFeoJDc1IldlOK4LZIeVWsakJkdAwKQBKOF4CuoojX6dJ5Kbwop9OvfAYDR0/RD7pMFfyoEALi+/VMwix/tHKR8M2HDn1uMQLC/PSC+lZho3ClRnHVCBcuJDKVZPePIaqe5ybmdJtIk1JeI5I5UdAJHY9mxdIAcS8xxef/KFMobLId3+/oVpEha7tc1RyPpspDWinR4/T+OCz5NK2oUl65JiNwRWYHpUHWcnmKBxayKNUXaRrIwUTqHzH6DdJMg9RtKVdVLp6crystFBxcuLwIywFnyWP1AyWvIkjTF9tBBCiv8I/ld5A1Sfk/PFHKZOYlvxSFajN22hb0Z52SHNiKXiVWCEcHyq9q9puflVzl5Z8UHy2PxCiEKug0k6wAQAIhxEStQ8/+m0Vw3ZZanH/vzV/1z0Isf6h9JdlaegNSCOokZNPSHc28Y7mTVsdXUH1Q1t6mbun2xfCK4r8RrPKuqih03TQAwfFr4FwEwOwVZLNGuEQhbyDJvbiE9+XRk7eQMTKdGiMiv/4hh+sFbxOiO2/tnI3oEqNnHyMNxStEf3KzW5jsKjqJ53X0mmdI2pKGwcEwM0qSx5IQRTjJlkVhQcU/TwL9moj2NRo/TE2dIyef+x7AkaLLnl4/qcbCYRYH6ESqWxiHLMamo5P0eBLP1GeUYfTRlwx5uHDSWamz59fJp/ggaqXL6kJVimRgtLPM9qi2gk2iBmhmjaZdOC+L8ngT4+1HFH0E/1fFTExKny9cOF9yNKN8QZpYvAwjZ15Rtok2oJwyUbpjA4MwCTdwh1S0COlNtWTPoWBmciIcekUNLOREixECobo2MEHxCGDrtwW1x9pfm44EGJ9mSz05y/kGJ594cds6I+KrWhnzlxkfNjJaPsurT9MNdASKpU09a2iBCrU9aGtPoLwNF+E2wj4M8UDOjl6jg78+Eu6n42lar4nNR9To4KQLEtDT4DisRE6fugHkmtocSrqJWELIh0MfUUL02hhB3qQAF0DFVD63fj8i2ZbNMICPyF0cvDBr9LEyGnp2WNRi/hQJb9XtUB4P9OnrLwwEG6ml5/+Mb345I/IHwrXZGx2vQEQqVRoijRv+jkMyXV01LBsKV/HndyKSkEyhZ9efOpexVvhJrLo/fuU5t+GB2HhNJkp+YV0g9unf/xFGh8+zSpX9JJVS9XAVEP6cBbyRKWpL7qu+fwNNU++1moo+Aj89PS9XxDoOZ2W1NCZSkvBaoNwnOn9Vm6Yl22dqfEheuw7/yKpbZ7SfT42JwgxWm5uVjJSCmoomh35w1HRD2yb2doC/4CPwE/gK/CXxXv3fs23mwaEWF9getyKDAiEonTqyGP07EP3iO1zqU10AugQBsBwl4VKU5DVKElRs6WgRfvVIfwDPgI/ga8sqqGPa36lzQZCHD+/VFotNcUxg6Y7T933BTp64H7JyNi8jKKq0Z1OOKOcquwnn6XY5AXJkEHNYE4Pd4EzIZ+zAWh1gW9eZv4BH4GfVBF5SSk4o/nU3IwgxELqz0es4BVxKJz4j333k6zPn2I1rJk2Q7FhAXQuBpzb41aDULJZSiVTrHommOIUn4nJa9FlGg1oI02tFG3rkBxRzGpvlJHdtXTFgF8wUelnzD8y18NjOTPmI5pPq7JcNbpD/z/TjUxvLWEgSiwsNjlCD93zt/S69/0Jn2YhSiViDameqhmDTomrpRJpmo3NCeDSKTX+LCfdsxWTIP7ndrtobm6EVdIxyUqJNLdSOBJllSosQ0/QGQyOmkwmbduHi9gmzxpDmBKxSeabvxP+CUZard6jb2r+rB5flLt5t77ilzbqsztIFf+2WHHWxGfGadf1r6U73/mHMiaskMTcKMspndAMmp2Zo4kLE/w4S7mM6i6GHXBIPxa6OHGJVHL21OQgv/6MKldyOEUS+oNBam5tpyamKAMz0tSsUskyGVFVGyV4XhkAmpKGBu/nfV/+KB196scUYABa5JUJJnSmHt2I7/LwY9Yac7tqeL9woe9i+pEV4zoQaaGjT99HwXALvfLu35BiUTWHvf6BCImWSqZpZHCEJsenRXqpztIGuVZxlUNldbN96MVA0MLcwXyOYtNTNDU+xv9+ge9HhKKsqrZv6ab2rm4GaFjaXEA6otzpUgOgSwfkf/adTwq/gG/K6MX6ro0CYCOoo4V1rxb9/6Wko4aZ0McqBrxcONn23/GLMlREZh7WcaYpbL7pyWkaPj3MqmeSnG5lB65Bl51vcw9AunTtWyqRoKHYSRoZOisSsq2zmzq29FBre5f8O51O1311+0bZgKIlsKp+4P6v0qGHvi78Yui4s0UT6d5afHNXHdy9P2a6jelVpexDl56++vj3Ps22YoT23vR6mdGOtgT1NghFAsIsAcdZ9Tx34pzwgdvr3vgNZEkJAshSyQSdPvaiENTVzp4+6urbJnYkmi5nUik1QGazjZ0z1SEdCEfpyBP3Mn98Rpwwil8sAfARzYd0qYIQC4bmU0zdpdQNtKPL52P0yDf+QXIBd++/g+Zmp+oubuZiAMamZ2no5JBuLOusqGNXnD5OlxDu0+TEGKu+F+jM8ZdFVd3SN8BSskvuXyaVbpgZ9pauHTPqEYp45mHhC6j5HikAsMQTQ5r/6FIH4TDTe5l+Ys3zFaJUPEYPfPWvRQrs2PcqaTQkha11cMrL+Odsjs6fG5HQg6ifVdQGJcGa7UiAMZ1O0umXX6JzJ49Ta0cX9Q7sYHW1l1W1gHw3VMU3bAU1JCADEEXFJ559lO7/8l+J084nGTGWD+X3av675EGIhSTZP2D6KysGONoRJOPTDMRPyMy6HVffItklakBmbZkKcbzx0XHxgEIi1kxCFKRjQPX8HBk6R2Ojw9TU0kZ92y8T2xHTkBqzp485LwGPHfwpPfi1v5aZlyrX2PL1/AFVODnb0qFdZ3f2Y2SlJQYV5rNHKJ2ao/v+7X/OZ9WgkXAtnRDSiCmTpYkLU/JzXXhvpReNg6WfX0AJz+rTj9xPh574qfQJtZjMXEcC0JR9xn4fffp+2f90ck74oQwA/rXmN7JBuHx9kOnTVjfDF4zKKf8gS8Qjj/9QUrukg3KNgAjQxWfjLKWTzCj1d3sl7IFAv8dL8blZVkkzjZX4IC0ePbLP2O8Hv/YJsW99obKqbT6t+YxsEK68fo3pB5b2BFXebAMg1/KBr/8NHXzg6+T1hWS2XC2C1obToNh0TCRMPccw8d0Q5ih0TWsM/OVlX+ETwD4/yPuNfRcb0LpK/QPNX2SDsPT692Qxf0/NuwtLVsrPvvvP9Nj3Pi2nJTarmhJRckDTWZaECbtbXAUkIPYT+/r49z8t+ywz7f3hciTgWaZfrTvtpI5vO1omInZ40uopCbe02+OnA/d9ke7/0kcpk0zopO/qLDhh4sgHZVXUaXeM29CFfUTTY+wr9hf7XEYYogBAxKPP2yAsb+HGvY1pzKpEdLq95I8004tP/Yh++Lk/pcnRMxSU1KXKiyZ8fiKRlDHWMrLMXhuiXSD1bOrCOd7PP5N99YeaZZ/LkIDICX0706l6vMZGsMgP6hNs0KragpoxpLZhvsB3P/nH9PIz98t0IGmSWyH11CG9YHKSmlaPDpnG0z7VVF/s2/FnH6bvfupPaPDYIZWMbT0VjTTfQKN6sl6vtVG4BdUWb7EMRCkKNigYbWX1cIJ+8uWP0dM//jeVfxqMVAaILPjgaUwChHat37oBiJaK2C806P3Jlz4iTXpD0dZyHUnnNN8cqefrbSRuOcB0K9PRcjYTQX0kPD/23U/RvZ//c4pNnJeGtRsdTwRzJBMpyojL3wbSWsGHfcH+xCZGZL9QDWEwm67h8DyqNagD9X7drgbbJzhpXs/0NabrrKqnSOZFg6STzz9Kk2xbXP/ad9Nl++9k9TEls+k2CjXJeEoPabEl4RoQqLyfbg+99NSP6akff5Gm2J5Ha0JpSVEeAJ9meke92oCNDkLSNxYnHPpBvsu6eooUpxaaGR+i+7/ycRo6+Rxde9s7qKmjl8EzKzmU63HeOAwHpZJJVRlvO0bLkn6YDYHW9FOj5+iZh75GLz35I/F6Yr9UrKcsAKJT9n9gijfKPXA16N7hBv+ythF/3yoQsfzBqDRNev7Rb9Hw8cO0/zXvop3XvFrKXlLxGVpLgK/QIyadztioKg+CahYEbw0a8h74yZdpYuSk8n7qapAyAYg0tD9otLvgavBdxA1H3OejZdkdbCMGw600MzFM93/1Y3T6yOO0/853UVv3TpaISWmdoTbfGiChfiYTScoyCO3QhJXD0JAWFBhJhvFkcL6ceO5h0VawL7S29vpo0vuXjXhHXJtgV1F1cZhUPmB3GeJLZVvks3Ts0IN0/vQLdPkr3kh7b3yDeOHQ9dpq1T6Al06lJXHbtgdXByAcLxhRjQm5Bx/8Gr3w2PfE84nnDBnOUjb4UA9oOc3RBmHl1g+ZXsn0r0y3l8MU2HjMv0gy6J74wb/SycM/patueQttv/pWBmkLZVJzJWvuoI5mWAoiSL+m1hWXAPhg97m9QbmfLzz+fXrup9+iC4PH5PmAZDWtKYf1QaZfoSq2J7RBuPrCRtzJ9D+Y/mt56pGaX+7xB9kmOSWJ4C8ffID23vQG6t97kzgIIBnNItXoAGA+bzIIs3a+aFEtwSlSLpNO0vFnH6QjDMDB44fmM2Euej3LBuCf6r1u+NZyrk2259iQ/8b0KNM/M/WVd2CbUpOG4SvnXn6Gzp96nrp3XEN7briL+nZdT+5AWKQichgLtg3+K/T+NGwUzt8Xt9cvUg736vizD9GLT95LQ8cPSoc8hCIcaFS1tjgtUhl/s5HVz80OwsLCBqG58CeY3lkeDk1pigQPHdzkZ448ToPHDtKWgStp1/47qXfXfrEZMSswk4qL9Mtn8/yzbQ9iQeX0eH1i85149hE6euA+Gj75nMRkfaEm+b0AdW0ARPjh96gOk7BtEBZf2Kh3aafN7zK1l3uiQ2Xys8qU49P73MsHaOjEs9TWvYN2sL24dc+NEmNE+VQ8FpPWgpekIOR75GaJhyA7FhKtzxx5QvI9x4aOS3c3zICAqk/lhxwK6wLT3zD9+Wa8ha5LgE2wcV9k+gzTq8vXrkzpfu0PqYE048xYI2depOd/9h1WVfdJk6lQcx+5PCG2f+CcSdasqr+aKieq8VV9n5vmZibo3LFn6NTzj7HKeYimx4elYFjqORfcxzUuOF9QA3hys97NSwGEpDfwdqb3kYolda31jTxsF7rzeZpjdeulp34kzoaWzh0UatlOodZ+BmQvGU43RtlK24V8PrMpQAnQIfXPydeGOGuG1cvzfBgNnzhM544eoNGzL/EBlJbW/TiwZGDN+q4bmswfMn1uszPnpQLCwsKG3sf0J0z/z9qEgFJTRb3SNuT48FEaG3yBn4tSINpF0fYdFGnbQd5gC6tiETUnIp1k1SzdeAzi8Yo6KbWSM+M0Pn6Cpd1hGjx+UOa+I8aHkiO8xr1wmOv6APiPTH9GKgZINgg338LG/jbTt5n+iFRlxjokhKGdDSSSYHr0GM1cOEEu98MMyG4Kt/RRoKmHApEu8oXaxINqkpr3bsrc95zuj1JLaWmIMwrtIiDJpN2+rtmbHhuis+eflsyW0TMviZ2HzmaQ8kiMD0XbNvKLPMz0F0zfv5QY8lIEYWF9X9P7tGTctd43RP8TkBIEeYqNn6KpkRf5OT9LxWYGYSuDcQsFoz3kC7eyBAmwiucnt7adkKGDDB41O6KC4S+Za8GAc3mlSDbgd8m0qHQcrTlmaGZ8kC6cO0aTI6cYhOcpNjlMqcScxFIh9byBEG2wF+qolnyfuxQZsZaj0eppgas+wPQ7VLYX1YIGy1IDjWnxCAnjYAA4PX62ndoYnK0iIT3+CHl9UXL5wszsYZakfrG9pibP0eSFsyKpCk4RWvbTSpAwlvyox65htFwiRn6/l/q3DzDAZhhw56TCZGpskH83K0nu+WxG4nkAnqMyvUnh9fw7po8zzW02prI6Gs0G4eLVw/QbpILBWyrzEab21OelXR+kHySfgyWoxxtiFS8gAISE9PjDhMqodCZFTqeHDBecIm5JtZNeoTLT0FFAuqiPUHXlUTuFTAaSPOJzsmnx3pp59TOeQxdzBNRFirs9MlpMTQE2KtmXBybBv2ga3KzMZINwfauV6T1aVb2+Gh8I9ROqqAJPTjk2GGBiqxU6txmGzsoxFkm2pSBXItKU/woOEtlnDVSljjpkfADJ6O6qFUA+pVXOLzCNb3YmaoQhofW8wCB/y/QPTHdryfg6qmC5LkBhsLTDJziLKZzmMtQqkBVVRxVQjQJYC5gt8qoqLCTcYhAs0gi/w5S12csGYTkLDPMNTajmf6sG5a7qfLyxCmLqPlP1qAYdZsA/ZLOSDcKNWA9p+rAG4hv0Y5N9a+bXlAbe9/XjjH1LbBBWYoGxvqipl+kuUg2Kb2DqvATvBzqlo6fnPaTGTZ+zWcQGYTUXGO4zmuBZvUmrrT/H1M/k24TXnGQ6TapSBcH1x2gTezhtEDbWGtTS4B59X/cwvYZUa8YrmPY16P2GXXyI6XlSrQQxVPMI2Q4WG4QNwLjPacIyNBD3Mu1nuoNpd53ak7DrXtJgO6ABBwCa9rbaIGzkZS4A5VdJdT5HLPIapqs0MLu0CoskgWAVvhMyVIa1anleAw61l5j9gRBN3t42G4SbeYHBL2hHxr0Lno9oMPZokHZrUKILbrN+bNUgRckCElW9+m9RopHRNhskMfo2TmhATeqfAboh/dygBp/twazxMkzT1jLsZS8bhPaylw1Ce9nLXjYI7WUvG4T2spe9bBDay142CO1lL3vZILSXvWwQ2ste9rJBaC972SC0l73sVa31fwUYAAN5uZPwM2J3AAAAAElFTkSuQmCC', 'PHP');


insert into course (course_id, description, name, numb_of_users_ratings, rating, category_id) values (1, 'est phasellus sit amet erat', 'Maclaine', 0, 1, 1);

insert into deck (deck_id, description, name, rating, category_id, user_id) values (1, '20 Java Collections Interview Questions', '20 Java Collections Interview Questions', 0, 1, 1);

INSERT INTO card (card_id, answer, numb_of_users_ratings, question, rating) VALUES (1, 'ArrayList is not synchronized.Vector is synchronized.ArrayList increases its size by 50% of the array size.Vector increases its size by doubling the array size.', '0', 'What is the difference between ArrayList and Vector?', '0');
INSERT INTO card (card_id, answer, numb_of_users_ratings, question, rating) VALUES (2, 'Vector increases its size by doubling the array size.', '0', 'What is the difference between ArrayList and LinkedList?', '0');
INSERT INTO card (card_id, answer, numb_of_users_ratings, question, rating) VALUES (3, 'Iterator traverses the elements in forward direction only.ListIterator traverses the elements in backward and forward directions both.Iterator can be used in List, Set and Queue.ListIterator can be used in List only.', '0', 'What is the difference between Iterator and ListIterator?', '0');
INSERT INTO card (card_id, answer, numb_of_users_ratings, question, rating) VALUES (4, 'Enumeration can traverse only legacy elements.Iterator is fail-fast.Enumeration is not fail-fast.Iterator is slower than Enumeration.Enumeration is faster than Iterator.', '0', 'What is the difference between Iterator and Enumeration?', '0');
INSERT INTO card (card_id, answer, numb_of_users_ratings, question, rating) VALUES (5, 'List can contain duplicate elements whereas Set contains only unique elements.', '0', 'What is the difference between List and Set?', '0');
INSERT INTO card (card_id, answer, numb_of_users_ratings, question, rating) VALUES (6, 'HashSet maintains no order whereas TreeSet maintains ascending order.', '0', 'What is the difference between HashSet and TreeSet?', '0');
INSERT INTO card (card_id, answer, numb_of_users_ratings, question, rating) VALUES (7, 'Set contains values only whereas Map contains key and values both.', '0', 'What is the difference between Set and Map?', '0');
INSERT INTO card (card_id, answer, numb_of_users_ratings, question, rating) VALUES (8, 'HashSet contains only values whereas HashMap contains entry(key,value). HashSet can be iterated but HashMap need to convert into Set to be iterated.', '0', 'What is the difference between HashSet and HashMap?', '0');
INSERT INTO card (card_id, answer, numb_of_users_ratings, question, rating) VALUES (9, 'HashMap maintains no order but TreeMap maintains ascending order.', '0', 'What is the difference between HashMap and TreeMap?', '0');
INSERT INTO card (card_id, answer, numb_of_users_ratings, question, rating) VALUES (10, 'HashMap is not synchronized.Hashtable is synchronized.HashMap can contain one null key and multiple null values.Hashtable cannot contain any null key or null value', '0', 'What is the difference between HashMap and Hashtable?', '0');
INSERT INTO card (card_id, answer, numb_of_users_ratings, question, rating) VALUES (11, 'Collection is an interface whereas Collections is a class. Collection interface provides normal functionality of data structure to List, Set and Queue. But, Collections class is to sort and synchronize collection elements.', '0', 'What is the difference between Collection and Collections?', '0');
INSERT INTO card (card_id, answer, numb_of_users_ratings, question, rating) VALUES (12, 'Comparable provides only one sort of sequence.Comparator provides multiple sort of sequences.It provides one method named compareTo().It is found in java.lang package.it is found in java.util package.If we implement Comparable interface, actual class is modified.Actual class is not modified.', '0', 'What is the difference between Comparable and Comparator?', '0');



insert into deck_cards (deck_id, card_id) values (1, 1);
insert into deck_cards (deck_id, card_id) values (1, 2);
insert into deck_cards (deck_id, card_id) values (1, 3);
insert into deck_cards (deck_id, card_id) values (1, 4);
insert into deck_cards (deck_id, card_id) values (1, 5);
insert into deck_cards (deck_id, card_id) values (1, 6);
insert into deck_cards (deck_id, card_id) values (1, 7);
insert into deck_cards (deck_id, card_id) values (1, 8);
insert into deck_cards (deck_id, card_id) values (1, 9);
insert into deck_cards (deck_id, card_id) values (1, 10);
insert into deck_cards (deck_id, card_id) values (1, 11);
insert into deck_cards (deck_id, card_id) values (1, 12);
